/usr/local/bin/rsync:/usr/local/bin/rsync	sigemptyset:0=SPtr64 sigaction:0=Num64B8 sigaction:1=HPtr64 sigaction:2=NPtr64 sigaddset:0=SPtr64 sigaddset:1=Num64B8 sigaction:0=Num64B8 sigaction:1=HPtr64 sigaction:2=NPtr64 sigaddset:0=SPtr64 sigaddset:1=Num64B8 sigaction:0=Num64B8 sigaction:1=HPtr64 sigaction:2=NPtr64 sigaddset:0=SPtr64 sigaddset:1=Num64B8 time:0=NPtr64 geteuid:0=Top64 umask:0=Top64 setlocale:0=Num64B0 setlocale:1=GxPtr64 getenv:0=GxPtr64 malloc:0=Num64B16 calloc:0=Num64B8 calloc:1=Num64B8 calloc:0=Num64B8 calloc:1=Num64B8 getenv:0=GxPtr64 getenv:0=GxPtr64 strlen:0=GxPtr64 malloc:0=Num64B8 strlen:0=GxPtr64 memcpy:0=HPtr64 memcpy:1=GxPtr64 memcpy:2=Num64B8 open:0=GxPtr64 open:1=Num64B0 open:2=Top64 __errno_location:0=Top64 getenv:0=GxPtr64 strlen:0=GxPtr64 strchr:0=GxPtr64 strchr:1=Num64B8 sigaction:0=Num64B8 sigaction:1=HPtr64 sigaction:2=NPtr64 sigaddset:0=SPtr64 sigaddset:1=Num64B8 sigaction:0=Num64B8 sigaction:1=HPtr64 sigaction:2=NPtr64 sigaddset:0=SPtr64 sigaddset:1=Num64B8 sigaction:0=Num64B8 sigaction:1=HPtr64 sigaction:2=NPtr64 sigaddset:0=SPtr64 sigaddset:1=Num64B8 sigprocmask:0=Num64B8 sigprocmask:1=SPtr64 sigprocmask:2=NPtr64 sigaction:0=Num64B8 sigaction:1=HPtr64 sigaction:2=NPtr64 sigaction:0=Num64B8 sigaction:1=HPtr64 sigaction:2=NPtr64 getcwd:0=HPtr64 getcwd:1=Num64B16 fork:0=Top64 close:0=Num64B8 close:0=Num64B8 __errno_location:0=Top64 write:0=Num64B8 write:1=SPtr64 write:2=Num64B8 __errno_location:0=Top64 read:0=Num64B8 read:1=SPtr64 read:2=Num64B8 __errno_location:0=Top64 __errno_location:0=Top64 fwrite:0=SPtr64 fwrite:1=Num64B8 fwrite:2=Num64B8 fwrite:3=Ptr64 fputc:0=Num64B8 fputc:1=Ptr64 fflush:0=Ptr64 sigaction:0=Num64B8 sigaction:1=HPtr64 sigaction:2=NPtr64 SIGCHLD=() sigaction:0=Num64B8 sigaction:1=HPtr64 sigaction:2=NPtr64 waitpid:0=Num64B16 waitpid:1=SPtr64 waitpid:2=Num64B8 getpid:0=Top64 kill:0=Num64B16 kill:1=Num64B8 __errno_location:0=Top64 __errno_location:0=Top64 fwrite:0=SPtr64 fwrite:1=Num64B8 fwrite:2=Num64B8 fwrite:3=Ptr64 fputc:0=Num64B8 fputc:1=Ptr64 fflush:0=Ptr64 exit:0=Num64B8 exited=1 
/usr/local/bin/rsync:/usr/local/bin/rsync	sigemptyset:0=SPtr64 sigaction:0=Num64B8 sigaction:1=HPtr64 sigaction:2=NPtr64 sigaddset:0=SPtr64 sigaddset:1=Num64B8 sigaction:0=Num64B8 sigaction:1=HPtr64 sigaction:2=NPtr64 sigaddset:0=SPtr64 sigaddset:1=Num64B8 sigaction:0=Num64B8 sigaction:1=HPtr64 sigaction:2=NPtr64 sigaddset:0=SPtr64 sigaddset:1=Num64B8 time:0=NPtr64 geteuid:0=Top64 umask:0=Top64 setlocale:0=Num64B0 setlocale:1=GxPtr64 getenv:0=GxPtr64 malloc:0=Num64B16 calloc:0=Num64B8 calloc:1=Num64B8 calloc:0=Num64B8 calloc:1=Num64B8 getenv:0=GxPtr64 getenv:0=GxPtr64 strlen:0=GxPtr64 malloc:0=Num64B8 strlen:0=GxPtr64 memcpy:0=HPtr64 memcpy:1=GxPtr64 memcpy:2=Num64B8 open:0=GxPtr64 open:1=Num64B0 open:2=Top64 __errno_location:0=Top64 getenv:0=GxPtr64 strlen:0=GxPtr64 strchr:0=GxPtr64 strchr:1=Num64B8 sigaction:0=Num64B8 sigaction:1=HPtr64 sigaction:2=NPtr64 sigaddset:0=SPtr64 sigaddset:1=Num64B8 sigaction:0=Num64B8 sigaction:1=HPtr64 sigaction:2=NPtr64 sigaddset:0=SPtr64 sigaddset:1=Num64B8 sigaction:0=Num64B8 sigaction:1=HPtr64 sigaction:2=NPtr64 sigaddset:0=SPtr64 sigaddset:1=Num64B8 sigprocmask:0=Num64B8 sigprocmask:1=SPtr64 sigprocmask:2=NPtr64 sigaction:0=Num64B8 sigaction:1=HPtr64 sigaction:2=NPtr64 sigaction:0=Num64B8 sigaction:1=HPtr64 sigaction:2=NPtr64 getcwd:0=HPtr64 getcwd:1=Num64B16 fork:0=Top64 close:0=Num64B8 close:0=Num64B8 __errno_location:0=Top64 write:0=Num64B8 write:1=SPtr64 write:2=Num64B8 __errno_location:0=Top64 read:0=Num64B8 read:1=SPtr64 read:2=Num64B8 __errno_location:0=Top64 __errno_location:0=Top64 fwrite:0=SPtr64 fwrite:1=Num64B8 fwrite:2=Num64B8 fwrite:3=Ptr64 fputc:0=Num64B8 fputc:1=Ptr64 fflush:0=Ptr64 sigaction:0=Num64B8 sigaction:1=HPtr64 sigaction:2=NPtr64 SIGCHLD=() sigaction:0=Num64B8 sigaction:1=HPtr64 sigaction:2=NPtr64 waitpid:0=Num64B16 waitpid:1=SPtr64 waitpid:2=Num64B8 getpid:0=Top64 kill:0=Num64B16 kill:1=Num64B8 __errno_location:0=Top64 __errno_location:0=Top64 fwrite:0=SPtr64 fwrite:1=Num64B8 fwrite:2=Num64B8 fwrite:3=Ptr64 fputc:0=Num64B8 fputc:1=Ptr64 fflush:0=Ptr64 exit:0=Num64B8 exited=1 
/usr/local/bin/rsync:/usr/local/bin/rsync	sigemptyset:0=SPtr64 sigaction:0=Num64B8 sigaction:1=HPtr64 sigaction:2=NPtr64 sigaddset:0=SPtr64 sigaddset:1=Num64B8 sigaction:0=Num64B8 sigaction:1=HPtr64 sigaction:2=NPtr64 sigaddset:0=SPtr64 sigaddset:1=Num64B8 sigaction:0=Num64B8 sigaction:1=HPtr64 sigaction:2=NPtr64 sigaddset:0=SPtr64 sigaddset:1=Num64B8 time:0=NPtr64 geteuid:0=Top64 umask:0=Top64 setlocale:0=Num64B0 setlocale:1=GxPtr64 getenv:0=GxPtr64 malloc:0=Num64B16 calloc:0=Num64B8 calloc:1=Num64B8 calloc:0=Num64B8 calloc:1=Num64B8 getenv:0=GxPtr64 getenv:0=GxPtr64 strlen:0=GxPtr64 malloc:0=Num64B8 strlen:0=GxPtr64 memcpy:0=HPtr64 memcpy:1=GxPtr64 memcpy:2=Num64B8 open:0=GxPtr64 open:1=Num64B0 open:2=Top64 __errno_location:0=Top64 getenv:0=GxPtr64 strlen:0=GxPtr64 strchr:0=GxPtr64 strchr:1=Num64B8 sigaction:0=Num64B8 sigaction:1=HPtr64 sigaction:2=NPtr64 sigaddset:0=SPtr64 sigaddset:1=Num64B8 sigaction:0=Num64B8 sigaction:1=HPtr64 sigaction:2=NPtr64 sigaddset:0=SPtr64 sigaddset:1=Num64B8 sigaction:0=Num64B8 sigaction:1=HPtr64 sigaction:2=NPtr64 sigaddset:0=SPtr64 sigaddset:1=Num64B8 sigprocmask:0=Num64B8 sigprocmask:1=SPtr64 sigprocmask:2=NPtr64 sigaction:0=Num64B8 sigaction:1=HPtr64 sigaction:2=NPtr64 sigaction:0=Num64B8 sigaction:1=HPtr64 sigaction:2=NPtr64 getcwd:0=HPtr64 getcwd:1=Num64B16 fork:0=Top64 close:0=Num64B8 close:0=Num64B8 __errno_location:0=Top64 write:0=Num64B8 write:1=SPtr64 write:2=Num64B8 __errno_location:0=Top64 read:0=Num64B8 read:1=SPtr64 read:2=Num64B8 __errno_location:0=Top64 __errno_location:0=Top64 fwrite:0=SPtr64 fwrite:1=Num64B8 fwrite:2=Num64B8 fwrite:3=Ptr64 fputc:0=Num64B8 fputc:1=Ptr64 fflush:0=Ptr64 sigaction:0=Num64B8 sigaction:1=HPtr64 sigaction:2=NPtr64 sigaction:0=Num64B8 sigaction:1=HPtr64 sigaction:2=NPtr64 sigaction:0=Num64B8 sigaction:1=HPtr64 sigaction:2=NPtr64 waitpid:0=Num64B16 waitpid:1=SPtr64 waitpid:2=Num64B8 getpid:0=Top64 kill:0=Num64B16 kill:1=Num64B8 __errno_location:0=Top64 __errno_location:0=Top64 fwrite:0=SPtr64 fwrite:1=Num64B8 fwrite:2=Num64B8 fwrite:3=Ptr64 fputc:0=Num64B8 fputc:1=Ptr64 fflush:0=Ptr64 exit:0=Num64B8 exited=1 
/usr/local/bin/rsync:/usr/local/bin/rsync	sigemptyset:0=SPtr64 sigaction:0=Num64B8 sigaction:1=HPtr64 sigaction:2=NPtr64 sigaddset:0=SPtr64 sigaddset:1=Num64B8 sigaction:0=Num64B8 sigaction:1=HPtr64 sigaction:2=NPtr64 sigaddset:0=SPtr64 sigaddset:1=Num64B8 sigaction:0=Num64B8 sigaction:1=HPtr64 sigaction:2=NPtr64 sigaddset:0=SPtr64 sigaddset:1=Num64B8 time:0=NPtr64 geteuid:0=Top64 umask:0=Top64 setlocale:0=Num64B0 setlocale:1=GxPtr64 getenv:0=GxPtr64 malloc:0=Num64B16 calloc:0=Num64B8 calloc:1=Num64B8 calloc:0=Num64B8 calloc:1=Num64B8 getenv:0=GxPtr64 getenv:0=GxPtr64 strlen:0=GxPtr64 malloc:0=Num64B8 strlen:0=GxPtr64 memcpy:0=HPtr64 memcpy:1=GxPtr64 memcpy:2=Num64B8 open:0=GxPtr64 open:1=Num64B0 open:2=Top64 __errno_location:0=Top64 getenv:0=GxPtr64 strlen:0=GxPtr64 strchr:0=GxPtr64 strchr:1=Num64B8 sigaction:0=Num64B8 sigaction:1=HPtr64 sigaction:2=NPtr64 sigaddset:0=SPtr64 sigaddset:1=Num64B8 sigaction:0=Num64B8 sigaction:1=HPtr64 sigaction:2=NPtr64 sigaddset:0=SPtr64 sigaddset:1=Num64B8 sigaction:0=Num64B8 sigaction:1=HPtr64 sigaction:2=NPtr64 sigaddset:0=SPtr64 sigaddset:1=Num64B8 sigprocmask:0=Num64B8 sigprocmask:1=SPtr64 sigprocmask:2=NPtr64 sigaction:0=Num64B8 sigaction:1=HPtr64 sigaction:2=NPtr64 sigaction:0=Num64B8 sigaction:1=HPtr64 sigaction:2=NPtr64 getcwd:0=HPtr64 getcwd:1=Num64B16 fork:0=Top64 close:0=Num64B8 close:0=Num64B8 __errno_location:0=Top64 write:0=Num64B8 write:1=SPtr64 write:2=Num64B8 __errno_location:0=Top64 read:0=Num64B8 read:1=SPtr64 read:2=Num64B8 __errno_location:0=Top64 __errno_location:0=Top64 fwrite:0=SPtr64 fwrite:1=Num64B8 fwrite:2=Num64B8 fwrite:3=Ptr64 fputc:0=Num64B8 fputc:1=Ptr64 fflush:0=Ptr64 sigaction:0=Num64B8 sigaction:1=HPtr64 sigaction:2=NPtr64 SIGCHLD=() sigaction:0=Num64B8 sigaction:1=HPtr64 sigaction:2=NPtr64 waitpid:0=Num64B16 waitpid:1=SPtr64 waitpid:2=Num64B8 getpid:0=Top64 kill:0=Num64B16 kill:1=Num64B8 __errno_location:0=Top64 __errno_location:0=Top64 fwrite:0=SPtr64 fwrite:1=Num64B8 fwrite:2=Num64B8 fwrite:3=Ptr64 fputc:0=Num64B8 fputc:1=Ptr64 fflush:0=Ptr64 exit:0=Num64B8 exited=1 
/usr/local/bin/rsync:/usr/local/bin/rsync	sigemptyset:0=SPtr64 sigaction:0=Num64B8 sigaction:1=HPtr64 sigaction:2=NPtr64 sigaddset:0=SPtr64 sigaddset:1=Num64B8 sigaction:0=Num64B8 sigaction:1=HPtr64 sigaction:2=NPtr64 sigaddset:0=SPtr64 sigaddset:1=Num64B8 sigaction:0=Num64B8 sigaction:1=HPtr64 sigaction:2=NPtr64 sigaddset:0=SPtr64 sigaddset:1=Num64B8 time:0=NPtr64 geteuid:0=Top64 umask:0=Top64 setlocale:0=Num64B0 setlocale:1=GxPtr64 getenv:0=GxPtr64 malloc:0=Num64B16 calloc:0=Num64B8 calloc:1=Num64B8 calloc:0=Num64B8 calloc:1=Num64B8 getenv:0=GxPtr64 getenv:0=GxPtr64 strlen:0=GxPtr64 malloc:0=Num64B8 strlen:0=GxPtr64 memcpy:0=HPtr64 memcpy:1=GxPtr64 memcpy:2=Num64B8 open:0=GxPtr64 open:1=Num64B0 open:2=Top64 __errno_location:0=Top64 getenv:0=GxPtr64 strlen:0=GxPtr64 strchr:0=GxPtr64 strchr:1=Num64B8 sigaction:0=Num64B8 sigaction:1=HPtr64 sigaction:2=NPtr64 sigaddset:0=SPtr64 sigaddset:1=Num64B8 sigaction:0=Num64B8 sigaction:1=HPtr64 sigaction:2=NPtr64 sigaddset:0=SPtr64 sigaddset:1=Num64B8 sigaction:0=Num64B8 sigaction:1=HPtr64 sigaction:2=NPtr64 sigaddset:0=SPtr64 sigaddset:1=Num64B8 sigprocmask:0=Num64B8 sigprocmask:1=SPtr64 sigprocmask:2=NPtr64 sigaction:0=Num64B8 sigaction:1=HPtr64 sigaction:2=NPtr64 sigaction:0=Num64B8 sigaction:1=HPtr64 sigaction:2=NPtr64 getcwd:0=HPtr64 getcwd:1=Num64B16 fork:0=Top64 close:0=Num64B8 close:0=Num64B8 __errno_location:0=Top64 write:0=Num64B8 write:1=SPtr64 write:2=Num64B8 __errno_location:0=Top64 read:0=Num64B8 read:1=SPtr64 read:2=Num64B8 __errno_location:0=Top64 __errno_location:0=Top64 fwrite:0=SPtr64 fwrite:1=Num64B8 fwrite:2=Num64B8 fwrite:3=Ptr64 fputc:0=Num64B8 fputc:1=Ptr64 fflush:0=Ptr64 sigaction:0=Num64B8 sigaction:1=HPtr64 sigaction:2=NPtr64 sigaction:0=Num64B8 sigaction:1=HPtr64 sigaction:2=NPtr64 sigaction:0=Num64B8 sigaction:1=HPtr64 sigaction:2=NPtr64 waitpid:0=Num64B16 waitpid:1=SPtr64 waitpid:2=Num64B8 getpid:0=Top64 kill:0=Num64B16 kill:1=Num64B8 __errno_location:0=Top64 __errno_location:0=Top64 fwrite:0=SPtr64 fwrite:1=Num64B8 fwrite:2=Num64B8 fwrite:3=Ptr64 fputc:0=Num64B8 fputc:1=Ptr64 fflush:0=Ptr64 exit:0=Num64B8 exited=1 
/usr/local/bin/rsync:/usr/local/bin/rsync	sigemptyset:0=SPtr64 sigaction:0=Num64B8 sigaction:1=HPtr64 sigaction:2=NPtr64 sigaddset:0=SPtr64 sigaddset:1=Num64B8 sigaction:0=Num64B8 sigaction:1=HPtr64 sigaction:2=NPtr64 sigaddset:0=SPtr64 sigaddset:1=Num64B8 sigaction:0=Num64B8 sigaction:1=HPtr64 sigaction:2=NPtr64 sigaddset:0=SPtr64 sigaddset:1=Num64B8 time:0=NPtr64 geteuid:0=Top64 umask:0=Top64 setlocale:0=Num64B0 setlocale:1=GxPtr64 getenv:0=GxPtr64 malloc:0=Num64B16 calloc:0=Num64B8 calloc:1=Num64B8 calloc:0=Num64B8 calloc:1=Num64B8 getenv:0=GxPtr64 getenv:0=GxPtr64 strlen:0=GxPtr64 malloc:0=Num64B8 strlen:0=GxPtr64 memcpy:0=HPtr64 memcpy:1=GxPtr64 memcpy:2=Num64B8 open:0=GxPtr64 open:1=Num64B0 open:2=Top64 __errno_location:0=Top64 getenv:0=GxPtr64 strlen:0=GxPtr64 strchr:0=GxPtr64 strchr:1=Num64B8 sigaction:0=Num64B8 sigaction:1=HPtr64 sigaction:2=NPtr64 sigaddset:0=SPtr64 sigaddset:1=Num64B8 sigaction:0=Num64B8 sigaction:1=HPtr64 sigaction:2=NPtr64 sigaddset:0=SPtr64 sigaddset:1=Num64B8 sigaction:0=Num64B8 sigaction:1=HPtr64 sigaction:2=NPtr64 sigaddset:0=SPtr64 sigaddset:1=Num64B8 sigprocmask:0=Num64B8 sigprocmask:1=SPtr64 sigprocmask:2=NPtr64 sigaction:0=Num64B8 sigaction:1=HPtr64 sigaction:2=NPtr64 sigaction:0=Num64B8 sigaction:1=HPtr64 sigaction:2=NPtr64 getcwd:0=HPtr64 getcwd:1=Num64B16 fork:0=Top64 close:0=Num64B8 close:0=Num64B8 __errno_location:0=Top64 write:0=Num64B8 write:1=SPtr64 write:2=Num64B8 __errno_location:0=Top64 read:0=Num64B8 read:1=SPtr64 read:2=Num64B8 __errno_location:0=Top64 __errno_location:0=Top64 fwrite:0=SPtr64 fwrite:1=Num64B8 fwrite:2=Num64B8 fwrite:3=Ptr64 fputc:0=Num64B8 fputc:1=Ptr64 fflush:0=Ptr64 sigaction:0=Num64B8 sigaction:1=HPtr64 sigaction:2=NPtr64 sigaction:0=Num64B8 sigaction:1=HPtr64 sigaction:2=NPtr64 sigaction:0=Num64B8 sigaction:1=HPtr64 sigaction:2=NPtr64 waitpid:0=Num64B16 waitpid:1=SPtr64 waitpid:2=Num64B8 getpid:0=Top64 kill:0=Num64B16 kill:1=Num64B8 __errno_location:0=Top64 __errno_location:0=Top64 fwrite:0=SPtr64 fwrite:1=Num64B8 fwrite:2=Num64B8 fwrite:3=Ptr64 fputc:0=Num64B8 fputc:1=Ptr64 fflush:0=Ptr64 exit:0=Num64B8 exited=1 
/usr/local/bin/rsync:/usr/local/bin/rsync	sigemptyset:0=SPtr64 sigaction:0=Num64B8 sigaction:1=HPtr64 sigaction:2=NPtr64 sigaddset:0=SPtr64 sigaddset:1=Num64B8 sigaction:0=Num64B8 sigaction:1=HPtr64 sigaction:2=NPtr64 sigaddset:0=SPtr64 sigaddset:1=Num64B8 sigaction:0=Num64B8 sigaction:1=HPtr64 sigaction:2=NPtr64 sigaddset:0=SPtr64 sigaddset:1=Num64B8 time:0=NPtr64 geteuid:0=Top64 umask:0=Top64 setlocale:0=Num64B0 setlocale:1=GxPtr64 getenv:0=GxPtr64 malloc:0=Num64B16 calloc:0=Num64B8 calloc:1=Num64B8 calloc:0=Num64B8 calloc:1=Num64B8 getenv:0=GxPtr64 getenv:0=GxPtr64 strlen:0=GxPtr64 malloc:0=Num64B8 strlen:0=GxPtr64 memcpy:0=HPtr64 memcpy:1=GxPtr64 memcpy:2=Num64B8 open:0=GxPtr64 open:1=Num64B0 open:2=Top64 __errno_location:0=Top64 getenv:0=GxPtr64 strlen:0=GxPtr64 strchr:0=GxPtr64 strchr:1=Num64B8 sigaction:0=Num64B8 sigaction:1=HPtr64 sigaction:2=NPtr64 sigaddset:0=SPtr64 sigaddset:1=Num64B8 sigaction:0=Num64B8 sigaction:1=HPtr64 sigaction:2=NPtr64 sigaddset:0=SPtr64 sigaddset:1=Num64B8 sigaction:0=Num64B8 sigaction:1=HPtr64 sigaction:2=NPtr64 sigaddset:0=SPtr64 sigaddset:1=Num64B8 sigprocmask:0=Num64B8 sigprocmask:1=SPtr64 sigprocmask:2=NPtr64 sigaction:0=Num64B8 sigaction:1=HPtr64 sigaction:2=NPtr64 sigaction:0=Num64B8 sigaction:1=HPtr64 sigaction:2=NPtr64 getcwd:0=HPtr64 getcwd:1=Num64B16 fork:0=Top64 close:0=Num64B8 close:0=Num64B8 __errno_location:0=Top64 write:0=Num64B8 write:1=SPtr64 write:2=Num64B8 __errno_location:0=Top64 read:0=Num64B8 read:1=SPtr64 read:2=Num64B8 __errno_location:0=Top64 __errno_location:0=Top64 fwrite:0=SPtr64 fwrite:1=Num64B8 fwrite:2=Num64B8 fwrite:3=Ptr64 fputc:0=Num64B8 fputc:1=Ptr64 fflush:0=Ptr64 sigaction:0=Num64B8 sigaction:1=HPtr64 sigaction:2=NPtr64 sigaction:0=Num64B8 sigaction:1=HPtr64 sigaction:2=NPtr64 sigaction:0=Num64B8 sigaction:1=HPtr64 sigaction:2=NPtr64 waitpid:0=Num64B16 waitpid:1=SPtr64 waitpid:2=Num64B8 getpid:0=Top64 kill:0=Num64B16 kill:1=Num64B8 __errno_location:0=Top64 __errno_location:0=Top64 fwrite:0=SPtr64 fwrite:1=Num64B8 fwrite:2=Num64B8 fwrite:3=Ptr64 fputc:0=Num64B8 fputc:1=Ptr64 fflush:0=Ptr64 exit:0=Num64B8 exited=1 
/usr/local/bin/rsync:/usr/local/bin/rsync	sigemptyset:0=SPtr64 sigaction:0=Num64B8 sigaction:1=HPtr64 sigaction:2=NPtr64 sigaddset:0=SPtr64 sigaddset:1=Num64B8 sigaction:0=Num64B8 sigaction:1=HPtr64 sigaction:2=NPtr64 sigaddset:0=SPtr64 sigaddset:1=Num64B8 sigaction:0=Num64B8 sigaction:1=HPtr64 sigaction:2=NPtr64 sigaddset:0=SPtr64 sigaddset:1=Num64B8 time:0=NPtr64 geteuid:0=Top64 umask:0=Top64 setlocale:0=Num64B0 setlocale:1=GxPtr64 getenv:0=GxPtr64 malloc:0=Num64B16 calloc:0=Num64B8 calloc:1=Num64B8 calloc:0=Num64B8 calloc:1=Num64B8 getenv:0=GxPtr64 getenv:0=GxPtr64 strlen:0=GxPtr64 malloc:0=Num64B8 strlen:0=GxPtr64 memcpy:0=HPtr64 memcpy:1=GxPtr64 memcpy:2=Num64B8 open:0=GxPtr64 open:1=Num64B0 open:2=Top64 __errno_location:0=Top64 getenv:0=GxPtr64 strlen:0=GxPtr64 strchr:0=GxPtr64 strchr:1=Num64B8 sigaction:0=Num64B8 sigaction:1=HPtr64 sigaction:2=NPtr64 sigaddset:0=SPtr64 sigaddset:1=Num64B8 sigaction:0=Num64B8 sigaction:1=HPtr64 sigaction:2=NPtr64 sigaddset:0=SPtr64 sigaddset:1=Num64B8 sigaction:0=Num64B8 sigaction:1=HPtr64 sigaction:2=NPtr64 sigaddset:0=SPtr64 sigaddset:1=Num64B8 sigprocmask:0=Num64B8 sigprocmask:1=SPtr64 sigprocmask:2=NPtr64 sigaction:0=Num64B8 sigaction:1=HPtr64 sigaction:2=NPtr64 sigaction:0=Num64B8 sigaction:1=HPtr64 sigaction:2=NPtr64 getcwd:0=HPtr64 getcwd:1=Num64B16 fork:0=Top64 close:0=Num64B8 close:0=Num64B8 __errno_location:0=Top64 write:0=Num64B8 write:1=SPtr64 write:2=Num64B8 __errno_location:0=Top64 read:0=Num64B8 read:1=SPtr64 read:2=Num64B8 __errno_location:0=Top64 __errno_location:0=Top64 fwrite:0=SPtr64 fwrite:1=Num64B8 fwrite:2=Num64B8 fwrite:3=Ptr64 fputc:0=Num64B8 fputc:1=Ptr64 fflush:0=Ptr64 sigaction:0=Num64B8 sigaction:1=HPtr64 sigaction:2=NPtr64 sigaction:0=Num64B8 sigaction:1=HPtr64 sigaction:2=NPtr64 SIGCHLD=() waitpid:0=Num64B16 waitpid:1=SPtr64 waitpid:2=Num64B8 getpid:0=Top64 kill:0=Num64B16 kill:1=Num64B8 __errno_location:0=Top64 __errno_location:0=Top64 fwrite:0=SPtr64 fwrite:1=Num64B8 fwrite:2=Num64B8 fwrite:3=Ptr64 fputc:0=Num64B8 fputc:1=Ptr64 fflush:0=Ptr64 exit:0=Num64B8 exited=1 
/usr/local/bin/rsync:/usr/local/bin/rsync	sigemptyset:0=SPtr64 sigaction:0=Num64B8 sigaction:1=HPtr64 sigaction:2=NPtr64 sigaddset:0=SPtr64 sigaddset:1=Num64B8 sigaction:0=Num64B8 sigaction:1=HPtr64 sigaction:2=NPtr64 sigaddset:0=SPtr64 sigaddset:1=Num64B8 sigaction:0=Num64B8 sigaction:1=HPtr64 sigaction:2=NPtr64 sigaddset:0=SPtr64 sigaddset:1=Num64B8 time:0=NPtr64 geteuid:0=Top64 umask:0=Top64 setlocale:0=Num64B0 setlocale:1=GxPtr64 getenv:0=GxPtr64 malloc:0=Num64B16 calloc:0=Num64B8 calloc:1=Num64B8 calloc:0=Num64B8 calloc:1=Num64B8 getenv:0=GxPtr64 getenv:0=GxPtr64 strlen:0=GxPtr64 malloc:0=Num64B8 strlen:0=GxPtr64 memcpy:0=HPtr64 memcpy:1=GxPtr64 memcpy:2=Num64B8 open:0=GxPtr64 open:1=Num64B0 open:2=Top64 __errno_location:0=Top64 getenv:0=GxPtr64 strlen:0=GxPtr64 strchr:0=GxPtr64 strchr:1=Num64B8 sigaction:0=Num64B8 sigaction:1=HPtr64 sigaction:2=NPtr64 sigaddset:0=SPtr64 sigaddset:1=Num64B8 sigaction:0=Num64B8 sigaction:1=HPtr64 sigaction:2=NPtr64 sigaddset:0=SPtr64 sigaddset:1=Num64B8 sigaction:0=Num64B8 sigaction:1=HPtr64 sigaction:2=NPtr64 sigaddset:0=SPtr64 sigaddset:1=Num64B8 sigprocmask:0=Num64B8 sigprocmask:1=SPtr64 sigprocmask:2=NPtr64 sigaction:0=Num64B8 sigaction:1=HPtr64 sigaction:2=NPtr64 sigaction:0=Num64B8 sigaction:1=HPtr64 sigaction:2=NPtr64 getcwd:0=HPtr64 getcwd:1=Num64B16 fork:0=Top64 close:0=Num64B8 close:0=Num64B8 __errno_location:0=Top64 write:0=Num64B8 write:1=SPtr64 write:2=Num64B8 __errno_location:0=Top64 read:0=Num64B8 read:1=SPtr64 read:2=Num64B8 __errno_location:0=Top64 __errno_location:0=Top64 fwrite:0=SPtr64 fwrite:1=Num64B8 fwrite:2=Num64B8 fwrite:3=Ptr64 fputc:0=Num64B8 fputc:1=Ptr64 fflush:0=Ptr64 sigaction:0=Num64B8 sigaction:1=HPtr64 sigaction:2=NPtr64 SIGCHLD=() sigaction:0=Num64B8 sigaction:1=HPtr64 sigaction:2=NPtr64 waitpid:0=Num64B16 waitpid:1=SPtr64 waitpid:2=Num64B8 getpid:0=Top64 kill:0=Num64B16 kill:1=Num64B8 __errno_location:0=Top64 __errno_location:0=Top64 fwrite:0=SPtr64 fwrite:1=Num64B8 fwrite:2=Num64B8 fwrite:3=Ptr64 fputc:0=Num64B8 fputc:1=Ptr64 fflush:0=Ptr64 exit:0=Num64B8 exited=1 
/usr/local/bin/rsync:/usr/local/bin/rsync	sigemptyset:0=SPtr64 sigaction:0=Num64B8 sigaction:1=HPtr64 sigaction:2=NPtr64 sigaddset:0=SPtr64 sigaddset:1=Num64B8 sigaction:0=Num64B8 sigaction:1=HPtr64 sigaction:2=NPtr64 sigaddset:0=SPtr64 sigaddset:1=Num64B8 sigaction:0=Num64B8 sigaction:1=HPtr64 sigaction:2=NPtr64 sigaddset:0=SPtr64 sigaddset:1=Num64B8 time:0=NPtr64 geteuid:0=Top64 umask:0=Top64 setlocale:0=Num64B0 setlocale:1=GxPtr64 getenv:0=GxPtr64 malloc:0=Num64B16 calloc:0=Num64B8 calloc:1=Num64B8 calloc:0=Num64B8 calloc:1=Num64B8 getenv:0=GxPtr64 getenv:0=GxPtr64 strlen:0=GxPtr64 malloc:0=Num64B8 strlen:0=GxPtr64 memcpy:0=HPtr64 memcpy:1=GxPtr64 memcpy:2=Num64B8 open:0=GxPtr64 open:1=Num64B0 open:2=Top64 __errno_location:0=Top64 getenv:0=GxPtr64 strlen:0=GxPtr64 strchr:0=GxPtr64 strchr:1=Num64B8 sigaction:0=Num64B8 sigaction:1=HPtr64 sigaction:2=NPtr64 sigaddset:0=SPtr64 sigaddset:1=Num64B8 sigaction:0=Num64B8 sigaction:1=HPtr64 sigaction:2=NPtr64 sigaddset:0=SPtr64 sigaddset:1=Num64B8 sigaction:0=Num64B8 sigaction:1=HPtr64 sigaction:2=NPtr64 sigaddset:0=SPtr64 sigaddset:1=Num64B8 sigprocmask:0=Num64B8 sigprocmask:1=SPtr64 sigprocmask:2=NPtr64 sigaction:0=Num64B8 sigaction:1=HPtr64 sigaction:2=NPtr64 sigaction:0=Num64B8 sigaction:1=HPtr64 sigaction:2=NPtr64 getcwd:0=HPtr64 getcwd:1=Num64B16 fork:0=Top64 close:0=Num64B8 close:0=Num64B8 __errno_location:0=Top64 write:0=Num64B8 write:1=SPtr64 write:2=Num64B8 __errno_location:0=Top64 read:0=Num64B8 read:1=SPtr64 read:2=Num64B8 __errno_location:0=Top64 __errno_location:0=Top64 fwrite:0=SPtr64 fwrite:1=Num64B8 fwrite:2=Num64B8 fwrite:3=Ptr64 fputc:0=Num64B8 fputc:1=Ptr64 fflush:0=Ptr64 sigaction:0=Num64B8 sigaction:1=HPtr64 sigaction:2=NPtr64 sigaction:0=Num64B8 sigaction:1=HPtr64 sigaction:2=NPtr64 sigaction:0=Num64B8 sigaction:1=HPtr64 sigaction:2=NPtr64 waitpid:0=Num64B16 waitpid:1=SPtr64 waitpid:2=Num64B8 getpid:0=Top64 kill:0=Num64B16 kill:1=Num64B8 __errno_location:0=Top64 __errno_location:0=Top64 fwrite:0=SPtr64 fwrite:1=Num64B8 fwrite:2=Num64B8 fwrite:3=Ptr64 fputc:0=Num64B8 fputc:1=Ptr64 fflush:0=Ptr64 exit:0=Num64B8 exited=1 
