/usr/local/bin/sam2p:/usr/local/bin/sam2p	strlen:0=SPtr64 strlen:0=GxPtr64 strlen:0=SPtr64 strlen:0=GxPtr64 strlen:0=SPtr64 strlen:0=GxPtr64 strlen:0=SPtr64 strlen:0=GxPtr64 strlen:0=SPtr64 strlen:0=GxPtr64 strlen:0=SPtr64 strlen:0=GxPtr64 strlen:0=SPtr64 strlen:0=GxPtr64 strlen:0=SPtr64 strlen:0=GxPtr64 strlen:0=GxPtr64 fwrite:0=GxPtr64 fwrite:1=Num64B8 fwrite:2=Num64B8 fwrite:3=Ptr64 strlen:0=GxPtr64 fwrite:0=GxPtr64 fwrite:1=Num64B8 fwrite:2=Num64B8 fwrite:3=Ptr64 strlen:0=GxPtr64 fwrite:0=GxPtr64 fwrite:1=Num64B8 fwrite:2=Num64B8 fwrite:3=Ptr64 strlen:0=GxPtr64 fwrite:0=GxPtr64 fwrite:1=Num64B8 fwrite:2=Num64B8 fwrite:3=Ptr64 strlen:0=GxPtr64 fwrite:0=GxPtr64 fwrite:1=Num64B8 fwrite:2=Num64B8 fwrite:3=Ptr64 strlen:0=GxPtr64 fwrite:0=GxPtr64 fwrite:1=Num64B8 fwrite:2=Num64B8 fwrite:3=Ptr64 strlen:0=GxPtr64 fwrite:0=GxPtr64 fwrite:1=Num64B8 fwrite:2=Num64B8 fwrite:3=Ptr64 strlen:0=GxPtr64 fwrite:0=GxPtr64 fwrite:1=Num64B8 fwrite:2=Num64B8 fwrite:3=Ptr64 strlen:0=GxPtr64 fwrite:0=GxPtr64 fwrite:1=Num64B8 fwrite:2=Num64B8 fwrite:3=Ptr64 strlen:0=GxPtr64 fwrite:0=GxPtr64 fwrite:1=Num64B8 fwrite:2=Num64B8 fwrite:3=Ptr64 strlen:0=GxPtr64 fwrite:0=GxPtr64 fwrite:1=Num64B8 fwrite:2=Num64B8 fwrite:3=Ptr64 strlen:0=GxPtr64 fwrite:0=GxPtr64 fwrite:1=Num64B8 fwrite:2=Num64B8 fwrite:3=Ptr64 strlen:0=GxPtr64 fwrite:0=GxPtr64 fwrite:1=Num64B8 fwrite:2=Num64B8 fwrite:3=Ptr64 strlen:0=GxPtr64 fwrite:0=GxPtr64 fwrite:1=Num64B8 fwrite:2=Num64B8 fwrite:3=Ptr64 strlen:0=GxPtr64 fwrite:0=GxPtr64 fwrite:1=Num64B8 fwrite:2=Num64B8 fwrite:3=Ptr64 strlen:0=GxPtr64 fwrite:0=GxPtr64 fwrite:1=Num64B8 fwrite:2=Num64B8 fwrite:3=Ptr64 strlen:0=GxPtr64 fwrite:0=GxPtr64 fwrite:1=Num64B8 fwrite:2=Num64B8 fwrite:3=Ptr64 strlen:0=GxPtr64 fwrite:0=GxPtr64 fwrite:1=Num64B8 fwrite:2=Num64B8 fwrite:3=Ptr64 strlen:0=GxPtr64 fwrite:0=GxPtr64 fwrite:1=Num64B8 fwrite:2=Num64B8 fwrite:3=Ptr64 strlen:0=GxPtr64 fwrite:0=GxPtr64 fwrite:1=Num64B8 fwrite:2=Num64B8 fwrite:3=Ptr64 strlen:0=GxPtr64 fwrite:0=GxPtr64 fwrite:1=Num64B8 fwrite:2=Num64B8 fwrite:3=Ptr64 strlen:0=GxPtr64 fwrite:0=GxPtr64 fwrite:1=Num64B8 fwrite:2=Num64B8 fwrite:3=Ptr64 strlen:0=GxPtr64 fwrite:0=GxPtr64 fwrite:1=Num64B8 fwrite:2=Num64B8 fwrite:3=Ptr64 strlen:0=GxPtr64 fwrite:0=GxPtr64 fwrite:1=Num64B8 fwrite:2=Num64B8 fwrite:3=Ptr64 strlen:0=GxPtr64 fwrite:0=GxPtr64 fwrite:1=Num64B8 fwrite:2=Num64B8 fwrite:3=Ptr64 strlen:0=GxPtr64 fwrite:0=GxPtr64 fwrite:1=Num64B8 fwrite:2=Num64B8 fwrite:3=Ptr64 strlen:0=GxPtr64 fwrite:0=GxPtr64 fwrite:1=Num64B8 fwrite:2=Num64B8 fwrite:3=Ptr64 strlen:0=GxPtr64 fwrite:0=GxPtr64 fwrite:1=Num64B8 fwrite:2=Num64B8 fwrite:3=Ptr64 strlen:0=GxPtr64 fwrite:0=GxPtr64 fwrite:1=Num64B8 fwrite:2=Num64B8 fwrite:3=Ptr64 strlen:0=GxPtr64 fwrite:0=GxPtr64 fwrite:1=Num64B8 fwrite:2=Num64B8 fwrite:3=Ptr64 strlen:0=GxPtr64 fwrite:0=GxPtr64 fwrite:1=Num64B8 fwrite:2=Num64B8 fwrite:3=Ptr64 strlen:0=GxPtr64 fwrite:0=GxPtr64 fwrite:1=Num64B8 fwrite:2=Num64B8 fwrite:3=Ptr64 strlen:0=GxPtr64 fwrite:0=GxPtr64 fwrite:1=Num64B8 fwrite:2=Num64B8 fwrite:3=Ptr64 strlen:0=GxPtr64 fwrite:0=GxPtr64 fwrite:1=Num64B8 fwrite:2=Num64B8 fwrite:3=Ptr64 strlen:0=GPtr64 fopen:0=SPtr64 fopen:1=GxPtr64 malloc:0=Num64B8 malloc:0=Num64B8 malloc:0=Num64B8 malloc:0=Num64B8 malloc:0=Num64B8 malloc:0=Num64B8 strlen:0=GxPtr64 malloc:0=Num64B8 memcpy:0=HPtr64 memcpy:1=SPtr64 memcpy:2=Num64B8 memcpy:0=HPtr64 memcpy:1=GxPtr64 memcpy:2=Num64B8 strlen:0=SPtr64 fwrite:0=SPtr64 fwrite:1=Num64B8 fwrite:2=Num64B8 fwrite:3=Ptr64 strlen:0=GxPtr64 fwrite:0=GxPtr64 fwrite:1=Num64B8 fwrite:2=Num64B8 fwrite:3=Ptr64 strlen:0=GxPtr64 fwrite:0=GxPtr64 fwrite:1=Num64B8 fwrite:2=Num64B8 fwrite:3=Ptr64 strlen:0=GxPtr64 fwrite:0=GxPtr64 fwrite:1=Num64B8 fwrite:2=Num64B8 fwrite:3=Ptr64 strlen:0=GxPtr64 fwrite:0=GxPtr64 fwrite:1=Num64B8 fwrite:2=Num64B8 fwrite:3=Ptr64 fwrite:0=HPtr64 fwrite:1=Num64B8 fwrite:2=Num64B8 fwrite:3=Ptr64 exit:0=Num64B8 exited=2 
/usr/local/bin/sam2p:/usr/local/bin/sam2p	strlen:0=SPtr64 strlen:0=GxPtr64 strlen:0=SPtr64 strlen:0=GxPtr64 strlen:0=SPtr64 strlen:0=GxPtr64 strlen:0=SPtr64 strlen:0=GxPtr64 strlen:0=SPtr64 strlen:0=GxPtr64 strlen:0=SPtr64 strlen:0=GxPtr64 strlen:0=SPtr64 strlen:0=GxPtr64 strlen:0=SPtr64 strlen:0=GxPtr64 strlen:0=GxPtr64 fwrite:0=GxPtr64 fwrite:1=Num64B8 fwrite:2=Num64B8 fwrite:3=Ptr64 strlen:0=GxPtr64 fwrite:0=GxPtr64 fwrite:1=Num64B8 fwrite:2=Num64B8 fwrite:3=Ptr64 strlen:0=GxPtr64 fwrite:0=GxPtr64 fwrite:1=Num64B8 fwrite:2=Num64B8 fwrite:3=Ptr64 strlen:0=GxPtr64 fwrite:0=GxPtr64 fwrite:1=Num64B8 fwrite:2=Num64B8 fwrite:3=Ptr64 strlen:0=GxPtr64 fwrite:0=GxPtr64 fwrite:1=Num64B8 fwrite:2=Num64B8 fwrite:3=Ptr64 strlen:0=GxPtr64 fwrite:0=GxPtr64 fwrite:1=Num64B8 fwrite:2=Num64B8 fwrite:3=Ptr64 strlen:0=GxPtr64 fwrite:0=GxPtr64 fwrite:1=Num64B8 fwrite:2=Num64B8 fwrite:3=Ptr64 strlen:0=GxPtr64 fwrite:0=GxPtr64 fwrite:1=Num64B8 fwrite:2=Num64B8 fwrite:3=Ptr64 strlen:0=GxPtr64 fwrite:0=GxPtr64 fwrite:1=Num64B8 fwrite:2=Num64B8 fwrite:3=Ptr64 strlen:0=GxPtr64 fwrite:0=GxPtr64 fwrite:1=Num64B8 fwrite:2=Num64B8 fwrite:3=Ptr64 strlen:0=GxPtr64 fwrite:0=GxPtr64 fwrite:1=Num64B8 fwrite:2=Num64B8 fwrite:3=Ptr64 strlen:0=GxPtr64 fwrite:0=GxPtr64 fwrite:1=Num64B8 fwrite:2=Num64B8 fwrite:3=Ptr64 strlen:0=GxPtr64 fwrite:0=GxPtr64 fwrite:1=Num64B8 fwrite:2=Num64B8 fwrite:3=Ptr64 strlen:0=GxPtr64 fwrite:0=GxPtr64 fwrite:1=Num64B8 fwrite:2=Num64B8 fwrite:3=Ptr64 strlen:0=GxPtr64 fwrite:0=GxPtr64 fwrite:1=Num64B8 fwrite:2=Num64B8 fwrite:3=Ptr64 strlen:0=GxPtr64 fwrite:0=GxPtr64 fwrite:1=Num64B8 fwrite:2=Num64B8 fwrite:3=Ptr64 strlen:0=GxPtr64 fwrite:0=GxPtr64 fwrite:1=Num64B8 fwrite:2=Num64B8 fwrite:3=Ptr64 strlen:0=GxPtr64 fwrite:0=GxPtr64 fwrite:1=Num64B8 fwrite:2=Num64B8 fwrite:3=Ptr64 strlen:0=GxPtr64 fwrite:0=GxPtr64 fwrite:1=Num64B8 fwrite:2=Num64B8 fwrite:3=Ptr64 strlen:0=GxPtr64 fwrite:0=GxPtr64 fwrite:1=Num64B8 fwrite:2=Num64B8 fwrite:3=Ptr64 strlen:0=GxPtr64 fwrite:0=GxPtr64 fwrite:1=Num64B8 fwrite:2=Num64B8 fwrite:3=Ptr64 strlen:0=GxPtr64 fwrite:0=GxPtr64 fwrite:1=Num64B8 fwrite:2=Num64B8 fwrite:3=Ptr64 strlen:0=GxPtr64 fwrite:0=GxPtr64 fwrite:1=Num64B8 fwrite:2=Num64B8 fwrite:3=Ptr64 strlen:0=GxPtr64 fwrite:0=GxPtr64 fwrite:1=Num64B8 fwrite:2=Num64B8 fwrite:3=Ptr64 strlen:0=GxPtr64 fwrite:0=GxPtr64 fwrite:1=Num64B8 fwrite:2=Num64B8 fwrite:3=Ptr64 strlen:0=GxPtr64 fwrite:0=GxPtr64 fwrite:1=Num64B8 fwrite:2=Num64B8 fwrite:3=Ptr64 strlen:0=GxPtr64 fwrite:0=GxPtr64 fwrite:1=Num64B8 fwrite:2=Num64B8 fwrite:3=Ptr64 strlen:0=GxPtr64 fwrite:0=GxPtr64 fwrite:1=Num64B8 fwrite:2=Num64B8 fwrite:3=Ptr64 strlen:0=GxPtr64 fwrite:0=GxPtr64 fwrite:1=Num64B8 fwrite:2=Num64B8 fwrite:3=Ptr64 strlen:0=GxPtr64 fwrite:0=GxPtr64 fwrite:1=Num64B8 fwrite:2=Num64B8 fwrite:3=Ptr64 strlen:0=GxPtr64 fwrite:0=GxPtr64 fwrite:1=Num64B8 fwrite:2=Num64B8 fwrite:3=Ptr64 strlen:0=GxPtr64 fwrite:0=GxPtr64 fwrite:1=Num64B8 fwrite:2=Num64B8 fwrite:3=Ptr64 strlen:0=GxPtr64 fwrite:0=GxPtr64 fwrite:1=Num64B8 fwrite:2=Num64B8 fwrite:3=Ptr64 strlen:0=GxPtr64 fwrite:0=GxPtr64 fwrite:1=Num64B8 fwrite:2=Num64B8 fwrite:3=Ptr64 strlen:0=GPtr64 fopen:0=SPtr64 fopen:1=GxPtr64 malloc:0=Num64B8 malloc:0=Num64B8 malloc:0=Num64B8 malloc:0=Num64B8 malloc:0=Num64B8 malloc:0=Num64B8 strlen:0=GxPtr64 malloc:0=Num64B8 memcpy:0=HPtr64 memcpy:1=SPtr64 memcpy:2=Num64B8 memcpy:0=HPtr64 memcpy:1=GxPtr64 memcpy:2=Num64B8 strlen:0=SPtr64 fwrite:0=SPtr64 fwrite:1=Num64B8 fwrite:2=Num64B8 fwrite:3=Ptr64 strlen:0=GxPtr64 fwrite:0=GxPtr64 fwrite:1=Num64B8 fwrite:2=Num64B8 fwrite:3=Ptr64 strlen:0=GxPtr64 fwrite:0=GxPtr64 fwrite:1=Num64B8 fwrite:2=Num64B8 fwrite:3=Ptr64 strlen:0=GxPtr64 fwrite:0=GxPtr64 fwrite:1=Num64B8 fwrite:2=Num64B8 fwrite:3=Ptr64 strlen:0=GxPtr64 fwrite:0=GxPtr64 fwrite:1=Num64B8 fwrite:2=Num64B8 fwrite:3=Ptr64 fwrite:0=HPtr64 fwrite:1=Num64B8 fwrite:2=Num64B8 fwrite:3=Ptr64 exit:0=Num64B8 exited=2 
/usr/local/bin/sam2p:/usr/local/bin/sam2p	strlen:0=SPtr64 strlen:0=GxPtr64 strlen:0=SPtr64 strlen:0=GxPtr64 strlen:0=SPtr64 strlen:0=GxPtr64 strlen:0=SPtr64 strlen:0=GxPtr64 strlen:0=SPtr64 strlen:0=GxPtr64 strlen:0=SPtr64 strlen:0=GxPtr64 strlen:0=SPtr64 strlen:0=GxPtr64 strlen:0=SPtr64 strlen:0=GxPtr64 strlen:0=GxPtr64 fwrite:0=GxPtr64 fwrite:1=Num64B8 fwrite:2=Num64B8 fwrite:3=Ptr64 strlen:0=GxPtr64 fwrite:0=GxPtr64 fwrite:1=Num64B8 fwrite:2=Num64B8 fwrite:3=Ptr64 strlen:0=GxPtr64 fwrite:0=GxPtr64 fwrite:1=Num64B8 fwrite:2=Num64B8 fwrite:3=Ptr64 strlen:0=GxPtr64 fwrite:0=GxPtr64 fwrite:1=Num64B8 fwrite:2=Num64B8 fwrite:3=Ptr64 strlen:0=GxPtr64 fwrite:0=GxPtr64 fwrite:1=Num64B8 fwrite:2=Num64B8 fwrite:3=Ptr64 strlen:0=GxPtr64 fwrite:0=GxPtr64 fwrite:1=Num64B8 fwrite:2=Num64B8 fwrite:3=Ptr64 strlen:0=GxPtr64 fwrite:0=GxPtr64 fwrite:1=Num64B8 fwrite:2=Num64B8 fwrite:3=Ptr64 strlen:0=GxPtr64 fwrite:0=GxPtr64 fwrite:1=Num64B8 fwrite:2=Num64B8 fwrite:3=Ptr64 strlen:0=GxPtr64 fwrite:0=GxPtr64 fwrite:1=Num64B8 fwrite:2=Num64B8 fwrite:3=Ptr64 strlen:0=GxPtr64 fwrite:0=GxPtr64 fwrite:1=Num64B8 fwrite:2=Num64B8 fwrite:3=Ptr64 strlen:0=GxPtr64 fwrite:0=GxPtr64 fwrite:1=Num64B8 fwrite:2=Num64B8 fwrite:3=Ptr64 strlen:0=GxPtr64 fwrite:0=GxPtr64 fwrite:1=Num64B8 fwrite:2=Num64B8 fwrite:3=Ptr64 strlen:0=GxPtr64 fwrite:0=GxPtr64 fwrite:1=Num64B8 fwrite:2=Num64B8 fwrite:3=Ptr64 strlen:0=GxPtr64 fwrite:0=GxPtr64 fwrite:1=Num64B8 fwrite:2=Num64B8 fwrite:3=Ptr64 strlen:0=GxPtr64 fwrite:0=GxPtr64 fwrite:1=Num64B8 fwrite:2=Num64B8 fwrite:3=Ptr64 strlen:0=GxPtr64 fwrite:0=GxPtr64 fwrite:1=Num64B8 fwrite:2=Num64B8 fwrite:3=Ptr64 strlen:0=GxPtr64 fwrite:0=GxPtr64 fwrite:1=Num64B8 fwrite:2=Num64B8 fwrite:3=Ptr64 strlen:0=GxPtr64 fwrite:0=GxPtr64 fwrite:1=Num64B8 fwrite:2=Num64B8 fwrite:3=Ptr64 strlen:0=GxPtr64 fwrite:0=GxPtr64 fwrite:1=Num64B8 fwrite:2=Num64B8 fwrite:3=Ptr64 strlen:0=GxPtr64 fwrite:0=GxPtr64 fwrite:1=Num64B8 fwrite:2=Num64B8 fwrite:3=Ptr64 strlen:0=GxPtr64 fwrite:0=GxPtr64 fwrite:1=Num64B8 fwrite:2=Num64B8 fwrite:3=Ptr64 strlen:0=GxPtr64 fwrite:0=GxPtr64 fwrite:1=Num64B8 fwrite:2=Num64B8 fwrite:3=Ptr64 strlen:0=GxPtr64 fwrite:0=GxPtr64 fwrite:1=Num64B8 fwrite:2=Num64B8 fwrite:3=Ptr64 strlen:0=GxPtr64 fwrite:0=GxPtr64 fwrite:1=Num64B8 fwrite:2=Num64B8 fwrite:3=Ptr64 strlen:0=GxPtr64 fwrite:0=GxPtr64 fwrite:1=Num64B8 fwrite:2=Num64B8 fwrite:3=Ptr64 strlen:0=GxPtr64 fwrite:0=GxPtr64 fwrite:1=Num64B8 fwrite:2=Num64B8 fwrite:3=Ptr64 strlen:0=GxPtr64 fwrite:0=GxPtr64 fwrite:1=Num64B8 fwrite:2=Num64B8 fwrite:3=Ptr64 strlen:0=GxPtr64 fwrite:0=GxPtr64 fwrite:1=Num64B8 fwrite:2=Num64B8 fwrite:3=Ptr64 strlen:0=GxPtr64 fwrite:0=GxPtr64 fwrite:1=Num64B8 fwrite:2=Num64B8 fwrite:3=Ptr64 strlen:0=GxPtr64 fwrite:0=GxPtr64 fwrite:1=Num64B8 fwrite:2=Num64B8 fwrite:3=Ptr64 strlen:0=GxPtr64 fwrite:0=GxPtr64 fwrite:1=Num64B8 fwrite:2=Num64B8 fwrite:3=Ptr64 strlen:0=GxPtr64 fwrite:0=GxPtr64 fwrite:1=Num64B8 fwrite:2=Num64B8 fwrite:3=Ptr64 strlen:0=GxPtr64 fwrite:0=GxPtr64 fwrite:1=Num64B8 fwrite:2=Num64B8 fwrite:3=Ptr64 strlen:0=GxPtr64 fwrite:0=GxPtr64 fwrite:1=Num64B8 fwrite:2=Num64B8 fwrite:3=Ptr64 strlen:0=GPtr64 fopen:0=SPtr64 fopen:1=GxPtr64 malloc:0=Num64B8 malloc:0=Num64B8 malloc:0=Num64B8 malloc:0=Num64B8 malloc:0=Num64B8 malloc:0=Num64B8 strlen:0=GxPtr64 malloc:0=Num64B8 memcpy:0=HPtr64 memcpy:1=SPtr64 memcpy:2=Num64B8 memcpy:0=HPtr64 memcpy:1=GxPtr64 memcpy:2=Num64B8 strlen:0=SPtr64 fwrite:0=SPtr64 fwrite:1=Num64B8 fwrite:2=Num64B8 fwrite:3=Ptr64 strlen:0=GxPtr64 fwrite:0=GxPtr64 fwrite:1=Num64B8 fwrite:2=Num64B8 fwrite:3=Ptr64 strlen:0=GxPtr64 fwrite:0=GxPtr64 fwrite:1=Num64B8 fwrite:2=Num64B8 fwrite:3=Ptr64 strlen:0=GxPtr64 fwrite:0=GxPtr64 fwrite:1=Num64B8 fwrite:2=Num64B8 fwrite:3=Ptr64 strlen:0=GxPtr64 fwrite:0=GxPtr64 fwrite:1=Num64B8 fwrite:2=Num64B8 fwrite:3=Ptr64 fwrite:0=HPtr64 fwrite:1=Num64B8 fwrite:2=Num64B8 fwrite:3=Ptr64 exit:0=Num64B8 exited=2 
/usr/local/bin/sam2p:/usr/local/bin/sam2p	strlen:0=SPtr64 strlen:0=GxPtr64 strlen:0=SPtr64 strlen:0=GxPtr64 strlen:0=SPtr64 strlen:0=GxPtr64 strlen:0=SPtr64 strlen:0=GxPtr64 strlen:0=SPtr64 strlen:0=GxPtr64 strlen:0=SPtr64 strlen:0=GxPtr64 strlen:0=SPtr64 strlen:0=GxPtr64 strlen:0=SPtr64 strlen:0=GxPtr64 strlen:0=GxPtr64 fwrite:0=GxPtr64 fwrite:1=Num64B8 fwrite:2=Num64B8 fwrite:3=Ptr64 strlen:0=GxPtr64 fwrite:0=GxPtr64 fwrite:1=Num64B8 fwrite:2=Num64B8 fwrite:3=Ptr64 strlen:0=GxPtr64 fwrite:0=GxPtr64 fwrite:1=Num64B8 fwrite:2=Num64B8 fwrite:3=Ptr64 strlen:0=GxPtr64 fwrite:0=GxPtr64 fwrite:1=Num64B8 fwrite:2=Num64B8 fwrite:3=Ptr64 strlen:0=GxPtr64 fwrite:0=GxPtr64 fwrite:1=Num64B8 fwrite:2=Num64B8 fwrite:3=Ptr64 strlen:0=GxPtr64 fwrite:0=GxPtr64 fwrite:1=Num64B8 fwrite:2=Num64B8 fwrite:3=Ptr64 strlen:0=GxPtr64 fwrite:0=GxPtr64 fwrite:1=Num64B8 fwrite:2=Num64B8 fwrite:3=Ptr64 strlen:0=GxPtr64 fwrite:0=GxPtr64 fwrite:1=Num64B8 fwrite:2=Num64B8 fwrite:3=Ptr64 strlen:0=GxPtr64 fwrite:0=GxPtr64 fwrite:1=Num64B8 fwrite:2=Num64B8 fwrite:3=Ptr64 strlen:0=GxPtr64 fwrite:0=GxPtr64 fwrite:1=Num64B8 fwrite:2=Num64B8 fwrite:3=Ptr64 strlen:0=GxPtr64 fwrite:0=GxPtr64 fwrite:1=Num64B8 fwrite:2=Num64B8 fwrite:3=Ptr64 strlen:0=GxPtr64 fwrite:0=GxPtr64 fwrite:1=Num64B8 fwrite:2=Num64B8 fwrite:3=Ptr64 strlen:0=GxPtr64 fwrite:0=GxPtr64 fwrite:1=Num64B8 fwrite:2=Num64B8 fwrite:3=Ptr64 strlen:0=GxPtr64 fwrite:0=GxPtr64 fwrite:1=Num64B8 fwrite:2=Num64B8 fwrite:3=Ptr64 strlen:0=GxPtr64 fwrite:0=GxPtr64 fwrite:1=Num64B8 fwrite:2=Num64B8 fwrite:3=Ptr64 strlen:0=GxPtr64 fwrite:0=GxPtr64 fwrite:1=Num64B8 fwrite:2=Num64B8 fwrite:3=Ptr64 strlen:0=GxPtr64 fwrite:0=GxPtr64 fwrite:1=Num64B8 fwrite:2=Num64B8 fwrite:3=Ptr64 strlen:0=GxPtr64 fwrite:0=GxPtr64 fwrite:1=Num64B8 fwrite:2=Num64B8 fwrite:3=Ptr64 strlen:0=GxPtr64 fwrite:0=GxPtr64 fwrite:1=Num64B8 fwrite:2=Num64B8 fwrite:3=Ptr64 strlen:0=GxPtr64 fwrite:0=GxPtr64 fwrite:1=Num64B8 fwrite:2=Num64B8 fwrite:3=Ptr64 strlen:0=GxPtr64 fwrite:0=GxPtr64 fwrite:1=Num64B8 fwrite:2=Num64B8 fwrite:3=Ptr64 strlen:0=GxPtr64 fwrite:0=GxPtr64 fwrite:1=Num64B8 fwrite:2=Num64B8 fwrite:3=Ptr64 strlen:0=GxPtr64 fwrite:0=GxPtr64 fwrite:1=Num64B8 fwrite:2=Num64B8 fwrite:3=Ptr64 strlen:0=GxPtr64 fwrite:0=GxPtr64 fwrite:1=Num64B8 fwrite:2=Num64B8 fwrite:3=Ptr64 strlen:0=GxPtr64 fwrite:0=GxPtr64 fwrite:1=Num64B8 fwrite:2=Num64B8 fwrite:3=Ptr64 strlen:0=GxPtr64 fwrite:0=GxPtr64 fwrite:1=Num64B8 fwrite:2=Num64B8 fwrite:3=Ptr64 strlen:0=GxPtr64 fwrite:0=GxPtr64 fwrite:1=Num64B8 fwrite:2=Num64B8 fwrite:3=Ptr64 strlen:0=GxPtr64 fwrite:0=GxPtr64 fwrite:1=Num64B8 fwrite:2=Num64B8 fwrite:3=Ptr64 strlen:0=GxPtr64 fwrite:0=GxPtr64 fwrite:1=Num64B8 fwrite:2=Num64B8 fwrite:3=Ptr64 strlen:0=GxPtr64 fwrite:0=GxPtr64 fwrite:1=Num64B8 fwrite:2=Num64B8 fwrite:3=Ptr64 strlen:0=GxPtr64 fwrite:0=GxPtr64 fwrite:1=Num64B8 fwrite:2=Num64B8 fwrite:3=Ptr64 strlen:0=GxPtr64 fwrite:0=GxPtr64 fwrite:1=Num64B8 fwrite:2=Num64B8 fwrite:3=Ptr64 strlen:0=GxPtr64 fwrite:0=GxPtr64 fwrite:1=Num64B8 fwrite:2=Num64B8 fwrite:3=Ptr64 strlen:0=GxPtr64 fwrite:0=GxPtr64 fwrite:1=Num64B8 fwrite:2=Num64B8 fwrite:3=Ptr64 strlen:0=GPtr64 fopen:0=SPtr64 fopen:1=GxPtr64 malloc:0=Num64B8 malloc:0=Num64B8 malloc:0=Num64B8 malloc:0=Num64B8 malloc:0=Num64B8 malloc:0=Num64B8 strlen:0=GxPtr64 malloc:0=Num64B8 memcpy:0=HPtr64 memcpy:1=SPtr64 memcpy:2=Num64B8 memcpy:0=HPtr64 memcpy:1=GxPtr64 memcpy:2=Num64B8 strlen:0=SPtr64 fwrite:0=SPtr64 fwrite:1=Num64B8 fwrite:2=Num64B8 fwrite:3=Ptr64 strlen:0=GxPtr64 fwrite:0=GxPtr64 fwrite:1=Num64B8 fwrite:2=Num64B8 fwrite:3=Ptr64 strlen:0=GxPtr64 fwrite:0=GxPtr64 fwrite:1=Num64B8 fwrite:2=Num64B8 fwrite:3=Ptr64 strlen:0=GxPtr64 fwrite:0=GxPtr64 fwrite:1=Num64B8 fwrite:2=Num64B8 fwrite:3=Ptr64 strlen:0=GxPtr64 fwrite:0=GxPtr64 fwrite:1=Num64B8 fwrite:2=Num64B8 fwrite:3=Ptr64 fwrite:0=HPtr64 fwrite:1=Num64B8 fwrite:2=Num64B8 fwrite:3=Ptr64 exit:0=Num64B8 exited=2 
/usr/local/bin/sam2p:/usr/local/bin/sam2p	strlen:0=SPtr64 strlen:0=GxPtr64 strlen:0=SPtr64 strlen:0=GxPtr64 strlen:0=SPtr64 strlen:0=GxPtr64 strlen:0=SPtr64 strlen:0=GxPtr64 strlen:0=SPtr64 strlen:0=GxPtr64 strlen:0=SPtr64 strlen:0=GxPtr64 strlen:0=SPtr64 strlen:0=GxPtr64 strlen:0=SPtr64 strlen:0=GxPtr64 strlen:0=GxPtr64 fwrite:0=GxPtr64 fwrite:1=Num64B8 fwrite:2=Num64B8 fwrite:3=Ptr64 strlen:0=GxPtr64 fwrite:0=GxPtr64 fwrite:1=Num64B8 fwrite:2=Num64B8 fwrite:3=Ptr64 strlen:0=GxPtr64 fwrite:0=GxPtr64 fwrite:1=Num64B8 fwrite:2=Num64B8 fwrite:3=Ptr64 strlen:0=GxPtr64 fwrite:0=GxPtr64 fwrite:1=Num64B8 fwrite:2=Num64B8 fwrite:3=Ptr64 strlen:0=GxPtr64 fwrite:0=GxPtr64 fwrite:1=Num64B8 fwrite:2=Num64B8 fwrite:3=Ptr64 strlen:0=GxPtr64 fwrite:0=GxPtr64 fwrite:1=Num64B8 fwrite:2=Num64B8 fwrite:3=Ptr64 strlen:0=GxPtr64 fwrite:0=GxPtr64 fwrite:1=Num64B8 fwrite:2=Num64B8 fwrite:3=Ptr64 strlen:0=GxPtr64 fwrite:0=GxPtr64 fwrite:1=Num64B8 fwrite:2=Num64B8 fwrite:3=Ptr64 strlen:0=GxPtr64 fwrite:0=GxPtr64 fwrite:1=Num64B8 fwrite:2=Num64B8 fwrite:3=Ptr64 strlen:0=GxPtr64 fwrite:0=GxPtr64 fwrite:1=Num64B8 fwrite:2=Num64B8 fwrite:3=Ptr64 strlen:0=GxPtr64 fwrite:0=GxPtr64 fwrite:1=Num64B8 fwrite:2=Num64B8 fwrite:3=Ptr64 strlen:0=GxPtr64 fwrite:0=GxPtr64 fwrite:1=Num64B8 fwrite:2=Num64B8 fwrite:3=Ptr64 strlen:0=GxPtr64 fwrite:0=GxPtr64 fwrite:1=Num64B8 fwrite:2=Num64B8 fwrite:3=Ptr64 strlen:0=GxPtr64 fwrite:0=GxPtr64 fwrite:1=Num64B8 fwrite:2=Num64B8 fwrite:3=Ptr64 strlen:0=GxPtr64 fwrite:0=GxPtr64 fwrite:1=Num64B8 fwrite:2=Num64B8 fwrite:3=Ptr64 strlen:0=GxPtr64 fwrite:0=GxPtr64 fwrite:1=Num64B8 fwrite:2=Num64B8 fwrite:3=Ptr64 strlen:0=GxPtr64 fwrite:0=GxPtr64 fwrite:1=Num64B8 fwrite:2=Num64B8 fwrite:3=Ptr64 strlen:0=GxPtr64 fwrite:0=GxPtr64 fwrite:1=Num64B8 fwrite:2=Num64B8 fwrite:3=Ptr64 strlen:0=GxPtr64 fwrite:0=GxPtr64 fwrite:1=Num64B8 fwrite:2=Num64B8 fwrite:3=Ptr64 strlen:0=GxPtr64 fwrite:0=GxPtr64 fwrite:1=Num64B8 fwrite:2=Num64B8 fwrite:3=Ptr64 strlen:0=GxPtr64 fwrite:0=GxPtr64 fwrite:1=Num64B8 fwrite:2=Num64B8 fwrite:3=Ptr64 strlen:0=GxPtr64 fwrite:0=GxPtr64 fwrite:1=Num64B8 fwrite:2=Num64B8 fwrite:3=Ptr64 strlen:0=GxPtr64 fwrite:0=GxPtr64 fwrite:1=Num64B8 fwrite:2=Num64B8 fwrite:3=Ptr64 strlen:0=GxPtr64 fwrite:0=GxPtr64 fwrite:1=Num64B8 fwrite:2=Num64B8 fwrite:3=Ptr64 strlen:0=GxPtr64 fwrite:0=GxPtr64 fwrite:1=Num64B8 fwrite:2=Num64B8 fwrite:3=Ptr64 strlen:0=GxPtr64 fwrite:0=GxPtr64 fwrite:1=Num64B8 fwrite:2=Num64B8 fwrite:3=Ptr64 strlen:0=GxPtr64 fwrite:0=GxPtr64 fwrite:1=Num64B8 fwrite:2=Num64B8 fwrite:3=Ptr64 strlen:0=GxPtr64 fwrite:0=GxPtr64 fwrite:1=Num64B8 fwrite:2=Num64B8 fwrite:3=Ptr64 strlen:0=GxPtr64 fwrite:0=GxPtr64 fwrite:1=Num64B8 fwrite:2=Num64B8 fwrite:3=Ptr64 strlen:0=GxPtr64 fwrite:0=GxPtr64 fwrite:1=Num64B8 fwrite:2=Num64B8 fwrite:3=Ptr64 strlen:0=GxPtr64 fwrite:0=GxPtr64 fwrite:1=Num64B8 fwrite:2=Num64B8 fwrite:3=Ptr64 strlen:0=GxPtr64 fwrite:0=GxPtr64 fwrite:1=Num64B8 fwrite:2=Num64B8 fwrite:3=Ptr64 strlen:0=GxPtr64 fwrite:0=GxPtr64 fwrite:1=Num64B8 fwrite:2=Num64B8 fwrite:3=Ptr64 strlen:0=GxPtr64 fwrite:0=GxPtr64 fwrite:1=Num64B8 fwrite:2=Num64B8 fwrite:3=Ptr64 strlen:0=GPtr64 fopen:0=SPtr64 fopen:1=GxPtr64 malloc:0=Num64B8 malloc:0=Num64B8 malloc:0=Num64B8 malloc:0=Num64B8 malloc:0=Num64B8 malloc:0=Num64B8 strlen:0=GxPtr64 malloc:0=Num64B8 memcpy:0=HPtr64 memcpy:1=SPtr64 memcpy:2=Num64B8 memcpy:0=HPtr64 memcpy:1=GxPtr64 memcpy:2=Num64B8 strlen:0=SPtr64 fwrite:0=SPtr64 fwrite:1=Num64B8 fwrite:2=Num64B8 fwrite:3=Ptr64 strlen:0=GxPtr64 fwrite:0=GxPtr64 fwrite:1=Num64B8 fwrite:2=Num64B8 fwrite:3=Ptr64 strlen:0=GxPtr64 fwrite:0=GxPtr64 fwrite:1=Num64B8 fwrite:2=Num64B8 fwrite:3=Ptr64 strlen:0=GxPtr64 fwrite:0=GxPtr64 fwrite:1=Num64B8 fwrite:2=Num64B8 fwrite:3=Ptr64 strlen:0=GxPtr64 fwrite:0=GxPtr64 fwrite:1=Num64B8 fwrite:2=Num64B8 fwrite:3=Ptr64 fwrite:0=HPtr64 fwrite:1=Num64B8 fwrite:2=Num64B8 fwrite:3=Ptr64 exit:0=Num64B8 exited=2 
/usr/local/bin/sam2p:/usr/local/bin/sam2p	strlen:0=SPtr64 strlen:0=GxPtr64 strlen:0=SPtr64 strlen:0=GxPtr64 strlen:0=SPtr64 strlen:0=GxPtr64 strlen:0=SPtr64 strlen:0=GxPtr64 strlen:0=SPtr64 strlen:0=GxPtr64 strlen:0=SPtr64 strlen:0=GxPtr64 strlen:0=SPtr64 strlen:0=GxPtr64 strlen:0=SPtr64 strlen:0=GxPtr64 strlen:0=GxPtr64 fwrite:0=GxPtr64 fwrite:1=Num64B8 fwrite:2=Num64B8 fwrite:3=Ptr64 strlen:0=GxPtr64 fwrite:0=GxPtr64 fwrite:1=Num64B8 fwrite:2=Num64B8 fwrite:3=Ptr64 strlen:0=GxPtr64 fwrite:0=GxPtr64 fwrite:1=Num64B8 fwrite:2=Num64B8 fwrite:3=Ptr64 strlen:0=GxPtr64 fwrite:0=GxPtr64 fwrite:1=Num64B8 fwrite:2=Num64B8 fwrite:3=Ptr64 strlen:0=GxPtr64 fwrite:0=GxPtr64 fwrite:1=Num64B8 fwrite:2=Num64B8 fwrite:3=Ptr64 strlen:0=GxPtr64 fwrite:0=GxPtr64 fwrite:1=Num64B8 fwrite:2=Num64B8 fwrite:3=Ptr64 strlen:0=GxPtr64 fwrite:0=GxPtr64 fwrite:1=Num64B8 fwrite:2=Num64B8 fwrite:3=Ptr64 strlen:0=GxPtr64 fwrite:0=GxPtr64 fwrite:1=Num64B8 fwrite:2=Num64B8 fwrite:3=Ptr64 strlen:0=GxPtr64 fwrite:0=GxPtr64 fwrite:1=Num64B8 fwrite:2=Num64B8 fwrite:3=Ptr64 strlen:0=GxPtr64 fwrite:0=GxPtr64 fwrite:1=Num64B8 fwrite:2=Num64B8 fwrite:3=Ptr64 strlen:0=GxPtr64 fwrite:0=GxPtr64 fwrite:1=Num64B8 fwrite:2=Num64B8 fwrite:3=Ptr64 strlen:0=GxPtr64 fwrite:0=GxPtr64 fwrite:1=Num64B8 fwrite:2=Num64B8 fwrite:3=Ptr64 strlen:0=GxPtr64 fwrite:0=GxPtr64 fwrite:1=Num64B8 fwrite:2=Num64B8 fwrite:3=Ptr64 strlen:0=GxPtr64 fwrite:0=GxPtr64 fwrite:1=Num64B8 fwrite:2=Num64B8 fwrite:3=Ptr64 strlen:0=GxPtr64 fwrite:0=GxPtr64 fwrite:1=Num64B8 fwrite:2=Num64B8 fwrite:3=Ptr64 strlen:0=GxPtr64 fwrite:0=GxPtr64 fwrite:1=Num64B8 fwrite:2=Num64B8 fwrite:3=Ptr64 strlen:0=GxPtr64 fwrite:0=GxPtr64 fwrite:1=Num64B8 fwrite:2=Num64B8 fwrite:3=Ptr64 strlen:0=GxPtr64 fwrite:0=GxPtr64 fwrite:1=Num64B8 fwrite:2=Num64B8 fwrite:3=Ptr64 strlen:0=GxPtr64 fwrite:0=GxPtr64 fwrite:1=Num64B8 fwrite:2=Num64B8 fwrite:3=Ptr64 strlen:0=GxPtr64 fwrite:0=GxPtr64 fwrite:1=Num64B8 fwrite:2=Num64B8 fwrite:3=Ptr64 strlen:0=GxPtr64 fwrite:0=GxPtr64 fwrite:1=Num64B8 fwrite:2=Num64B8 fwrite:3=Ptr64 strlen:0=GxPtr64 fwrite:0=GxPtr64 fwrite:1=Num64B8 fwrite:2=Num64B8 fwrite:3=Ptr64 strlen:0=GxPtr64 fwrite:0=GxPtr64 fwrite:1=Num64B8 fwrite:2=Num64B8 fwrite:3=Ptr64 strlen:0=GxPtr64 fwrite:0=GxPtr64 fwrite:1=Num64B8 fwrite:2=Num64B8 fwrite:3=Ptr64 strlen:0=GxPtr64 fwrite:0=GxPtr64 fwrite:1=Num64B8 fwrite:2=Num64B8 fwrite:3=Ptr64 strlen:0=GxPtr64 fwrite:0=GxPtr64 fwrite:1=Num64B8 fwrite:2=Num64B8 fwrite:3=Ptr64 strlen:0=GxPtr64 fwrite:0=GxPtr64 fwrite:1=Num64B8 fwrite:2=Num64B8 fwrite:3=Ptr64 strlen:0=GxPtr64 fwrite:0=GxPtr64 fwrite:1=Num64B8 fwrite:2=Num64B8 fwrite:3=Ptr64 strlen:0=GxPtr64 fwrite:0=GxPtr64 fwrite:1=Num64B8 fwrite:2=Num64B8 fwrite:3=Ptr64 strlen:0=GxPtr64 fwrite:0=GxPtr64 fwrite:1=Num64B8 fwrite:2=Num64B8 fwrite:3=Ptr64 strlen:0=GxPtr64 fwrite:0=GxPtr64 fwrite:1=Num64B8 fwrite:2=Num64B8 fwrite:3=Ptr64 strlen:0=GxPtr64 fwrite:0=GxPtr64 fwrite:1=Num64B8 fwrite:2=Num64B8 fwrite:3=Ptr64 strlen:0=GxPtr64 fwrite:0=GxPtr64 fwrite:1=Num64B8 fwrite:2=Num64B8 fwrite:3=Ptr64 strlen:0=GxPtr64 fwrite:0=GxPtr64 fwrite:1=Num64B8 fwrite:2=Num64B8 fwrite:3=Ptr64 strlen:0=GPtr64 fopen:0=SPtr64 fopen:1=GxPtr64 malloc:0=Num64B8 malloc:0=Num64B8 malloc:0=Num64B8 malloc:0=Num64B8 malloc:0=Num64B8 malloc:0=Num64B8 strlen:0=GxPtr64 malloc:0=Num64B8 memcpy:0=HPtr64 memcpy:1=SPtr64 memcpy:2=Num64B8 memcpy:0=HPtr64 memcpy:1=GxPtr64 memcpy:2=Num64B8 strlen:0=SPtr64 fwrite:0=SPtr64 fwrite:1=Num64B8 fwrite:2=Num64B8 fwrite:3=Ptr64 strlen:0=GxPtr64 fwrite:0=GxPtr64 fwrite:1=Num64B8 fwrite:2=Num64B8 fwrite:3=Ptr64 strlen:0=GxPtr64 fwrite:0=GxPtr64 fwrite:1=Num64B8 fwrite:2=Num64B8 fwrite:3=Ptr64 strlen:0=GxPtr64 fwrite:0=GxPtr64 fwrite:1=Num64B8 fwrite:2=Num64B8 fwrite:3=Ptr64 strlen:0=GxPtr64 fwrite:0=GxPtr64 fwrite:1=Num64B8 fwrite:2=Num64B8 fwrite:3=Ptr64 fwrite:0=HPtr64 fwrite:1=Num64B8 fwrite:2=Num64B8 fwrite:3=Ptr64 exit:0=Num64B8 exited=2 
/usr/local/bin/sam2p:/usr/local/bin/sam2p	strlen:0=SPtr64 strlen:0=GxPtr64 strlen:0=SPtr64 strlen:0=GxPtr64 strlen:0=SPtr64 strlen:0=GxPtr64 strlen:0=SPtr64 strlen:0=GxPtr64 strlen:0=SPtr64 strlen:0=GxPtr64 strlen:0=SPtr64 strlen:0=GxPtr64 strlen:0=SPtr64 strlen:0=GxPtr64 strlen:0=SPtr64 strlen:0=GxPtr64 strlen:0=GxPtr64 fwrite:0=GxPtr64 fwrite:1=Num64B8 fwrite:2=Num64B8 fwrite:3=Ptr64 strlen:0=GxPtr64 fwrite:0=GxPtr64 fwrite:1=Num64B8 fwrite:2=Num64B8 fwrite:3=Ptr64 strlen:0=GxPtr64 fwrite:0=GxPtr64 fwrite:1=Num64B8 fwrite:2=Num64B8 fwrite:3=Ptr64 strlen:0=GxPtr64 fwrite:0=GxPtr64 fwrite:1=Num64B8 fwrite:2=Num64B8 fwrite:3=Ptr64 strlen:0=GxPtr64 fwrite:0=GxPtr64 fwrite:1=Num64B8 fwrite:2=Num64B8 fwrite:3=Ptr64 strlen:0=GxPtr64 fwrite:0=GxPtr64 fwrite:1=Num64B8 fwrite:2=Num64B8 fwrite:3=Ptr64 strlen:0=GxPtr64 fwrite:0=GxPtr64 fwrite:1=Num64B8 fwrite:2=Num64B8 fwrite:3=Ptr64 strlen:0=GxPtr64 fwrite:0=GxPtr64 fwrite:1=Num64B8 fwrite:2=Num64B8 fwrite:3=Ptr64 strlen:0=GxPtr64 fwrite:0=GxPtr64 fwrite:1=Num64B8 fwrite:2=Num64B8 fwrite:3=Ptr64 strlen:0=GxPtr64 fwrite:0=GxPtr64 fwrite:1=Num64B8 fwrite:2=Num64B8 fwrite:3=Ptr64 strlen:0=GxPtr64 fwrite:0=GxPtr64 fwrite:1=Num64B8 fwrite:2=Num64B8 fwrite:3=Ptr64 strlen:0=GxPtr64 fwrite:0=GxPtr64 fwrite:1=Num64B8 fwrite:2=Num64B8 fwrite:3=Ptr64 strlen:0=GxPtr64 fwrite:0=GxPtr64 fwrite:1=Num64B8 fwrite:2=Num64B8 fwrite:3=Ptr64 strlen:0=GxPtr64 fwrite:0=GxPtr64 fwrite:1=Num64B8 fwrite:2=Num64B8 fwrite:3=Ptr64 strlen:0=GxPtr64 fwrite:0=GxPtr64 fwrite:1=Num64B8 fwrite:2=Num64B8 fwrite:3=Ptr64 strlen:0=GxPtr64 fwrite:0=GxPtr64 fwrite:1=Num64B8 fwrite:2=Num64B8 fwrite:3=Ptr64 strlen:0=GxPtr64 fwrite:0=GxPtr64 fwrite:1=Num64B8 fwrite:2=Num64B8 fwrite:3=Ptr64 strlen:0=GxPtr64 fwrite:0=GxPtr64 fwrite:1=Num64B8 fwrite:2=Num64B8 fwrite:3=Ptr64 strlen:0=GxPtr64 fwrite:0=GxPtr64 fwrite:1=Num64B8 fwrite:2=Num64B8 fwrite:3=Ptr64 strlen:0=GxPtr64 fwrite:0=GxPtr64 fwrite:1=Num64B8 fwrite:2=Num64B8 fwrite:3=Ptr64 strlen:0=GxPtr64 fwrite:0=GxPtr64 fwrite:1=Num64B8 fwrite:2=Num64B8 fwrite:3=Ptr64 strlen:0=GxPtr64 fwrite:0=GxPtr64 fwrite:1=Num64B8 fwrite:2=Num64B8 fwrite:3=Ptr64 strlen:0=GxPtr64 fwrite:0=GxPtr64 fwrite:1=Num64B8 fwrite:2=Num64B8 fwrite:3=Ptr64 strlen:0=GxPtr64 fwrite:0=GxPtr64 fwrite:1=Num64B8 fwrite:2=Num64B8 fwrite:3=Ptr64 strlen:0=GxPtr64 fwrite:0=GxPtr64 fwrite:1=Num64B8 fwrite:2=Num64B8 fwrite:3=Ptr64 strlen:0=GxPtr64 fwrite:0=GxPtr64 fwrite:1=Num64B8 fwrite:2=Num64B8 fwrite:3=Ptr64 strlen:0=GxPtr64 fwrite:0=GxPtr64 fwrite:1=Num64B8 fwrite:2=Num64B8 fwrite:3=Ptr64 strlen:0=GxPtr64 fwrite:0=GxPtr64 fwrite:1=Num64B8 fwrite:2=Num64B8 fwrite:3=Ptr64 strlen:0=GxPtr64 fwrite:0=GxPtr64 fwrite:1=Num64B8 fwrite:2=Num64B8 fwrite:3=Ptr64 strlen:0=GxPtr64 fwrite:0=GxPtr64 fwrite:1=Num64B8 fwrite:2=Num64B8 fwrite:3=Ptr64 strlen:0=GxPtr64 fwrite:0=GxPtr64 fwrite:1=Num64B8 fwrite:2=Num64B8 fwrite:3=Ptr64 strlen:0=GxPtr64 fwrite:0=GxPtr64 fwrite:1=Num64B8 fwrite:2=Num64B8 fwrite:3=Ptr64 strlen:0=GxPtr64 fwrite:0=GxPtr64 fwrite:1=Num64B8 fwrite:2=Num64B8 fwrite:3=Ptr64 strlen:0=GxPtr64 fwrite:0=GxPtr64 fwrite:1=Num64B8 fwrite:2=Num64B8 fwrite:3=Ptr64 strlen:0=GPtr64 fopen:0=SPtr64 fopen:1=GxPtr64 malloc:0=Num64B8 malloc:0=Num64B8 malloc:0=Num64B8 malloc:0=Num64B8 malloc:0=Num64B8 malloc:0=Num64B8 strlen:0=GxPtr64 malloc:0=Num64B8 memcpy:0=HPtr64 memcpy:1=SPtr64 memcpy:2=Num64B8 memcpy:0=HPtr64 memcpy:1=GxPtr64 memcpy:2=Num64B8 strlen:0=SPtr64 fwrite:0=SPtr64 fwrite:1=Num64B8 fwrite:2=Num64B8 fwrite:3=Ptr64 strlen:0=GxPtr64 fwrite:0=GxPtr64 fwrite:1=Num64B8 fwrite:2=Num64B8 fwrite:3=Ptr64 strlen:0=GxPtr64 fwrite:0=GxPtr64 fwrite:1=Num64B8 fwrite:2=Num64B8 fwrite:3=Ptr64 strlen:0=GxPtr64 fwrite:0=GxPtr64 fwrite:1=Num64B8 fwrite:2=Num64B8 fwrite:3=Ptr64 strlen:0=GxPtr64 fwrite:0=GxPtr64 fwrite:1=Num64B8 fwrite:2=Num64B8 fwrite:3=Ptr64 fwrite:0=HPtr64 fwrite:1=Num64B8 fwrite:2=Num64B8 fwrite:3=Ptr64 exit:0=Num64B8 exited=2 
/usr/local/bin/sam2p:/usr/local/bin/sam2p	strlen:0=SPtr64 strlen:0=GxPtr64 strlen:0=SPtr64 strlen:0=GxPtr64 strlen:0=SPtr64 strlen:0=GxPtr64 strlen:0=SPtr64 strlen:0=GxPtr64 strlen:0=SPtr64 strlen:0=GxPtr64 strlen:0=SPtr64 strlen:0=GxPtr64 strlen:0=SPtr64 strlen:0=GxPtr64 strlen:0=SPtr64 strlen:0=GxPtr64 strlen:0=GxPtr64 fwrite:0=GxPtr64 fwrite:1=Num64B8 fwrite:2=Num64B8 fwrite:3=Ptr64 strlen:0=GxPtr64 fwrite:0=GxPtr64 fwrite:1=Num64B8 fwrite:2=Num64B8 fwrite:3=Ptr64 strlen:0=GxPtr64 fwrite:0=GxPtr64 fwrite:1=Num64B8 fwrite:2=Num64B8 fwrite:3=Ptr64 strlen:0=GxPtr64 fwrite:0=GxPtr64 fwrite:1=Num64B8 fwrite:2=Num64B8 fwrite:3=Ptr64 strlen:0=GxPtr64 fwrite:0=GxPtr64 fwrite:1=Num64B8 fwrite:2=Num64B8 fwrite:3=Ptr64 strlen:0=GxPtr64 fwrite:0=GxPtr64 fwrite:1=Num64B8 fwrite:2=Num64B8 fwrite:3=Ptr64 strlen:0=GxPtr64 fwrite:0=GxPtr64 fwrite:1=Num64B8 fwrite:2=Num64B8 fwrite:3=Ptr64 strlen:0=GxPtr64 fwrite:0=GxPtr64 fwrite:1=Num64B8 fwrite:2=Num64B8 fwrite:3=Ptr64 strlen:0=GxPtr64 fwrite:0=GxPtr64 fwrite:1=Num64B8 fwrite:2=Num64B8 fwrite:3=Ptr64 strlen:0=GxPtr64 fwrite:0=GxPtr64 fwrite:1=Num64B8 fwrite:2=Num64B8 fwrite:3=Ptr64 strlen:0=GxPtr64 fwrite:0=GxPtr64 fwrite:1=Num64B8 fwrite:2=Num64B8 fwrite:3=Ptr64 strlen:0=GxPtr64 fwrite:0=GxPtr64 fwrite:1=Num64B8 fwrite:2=Num64B8 fwrite:3=Ptr64 strlen:0=GxPtr64 fwrite:0=GxPtr64 fwrite:1=Num64B8 fwrite:2=Num64B8 fwrite:3=Ptr64 strlen:0=GxPtr64 fwrite:0=GxPtr64 fwrite:1=Num64B8 fwrite:2=Num64B8 fwrite:3=Ptr64 strlen:0=GxPtr64 fwrite:0=GxPtr64 fwrite:1=Num64B8 fwrite:2=Num64B8 fwrite:3=Ptr64 strlen:0=GxPtr64 fwrite:0=GxPtr64 fwrite:1=Num64B8 fwrite:2=Num64B8 fwrite:3=Ptr64 strlen:0=GxPtr64 fwrite:0=GxPtr64 fwrite:1=Num64B8 fwrite:2=Num64B8 fwrite:3=Ptr64 strlen:0=GxPtr64 fwrite:0=GxPtr64 fwrite:1=Num64B8 fwrite:2=Num64B8 fwrite:3=Ptr64 strlen:0=GxPtr64 fwrite:0=GxPtr64 fwrite:1=Num64B8 fwrite:2=Num64B8 fwrite:3=Ptr64 strlen:0=GxPtr64 fwrite:0=GxPtr64 fwrite:1=Num64B8 fwrite:2=Num64B8 fwrite:3=Ptr64 strlen:0=GxPtr64 fwrite:0=GxPtr64 fwrite:1=Num64B8 fwrite:2=Num64B8 fwrite:3=Ptr64 strlen:0=GxPtr64 fwrite:0=GxPtr64 fwrite:1=Num64B8 fwrite:2=Num64B8 fwrite:3=Ptr64 strlen:0=GxPtr64 fwrite:0=GxPtr64 fwrite:1=Num64B8 fwrite:2=Num64B8 fwrite:3=Ptr64 strlen:0=GxPtr64 fwrite:0=GxPtr64 fwrite:1=Num64B8 fwrite:2=Num64B8 fwrite:3=Ptr64 strlen:0=GxPtr64 fwrite:0=GxPtr64 fwrite:1=Num64B8 fwrite:2=Num64B8 fwrite:3=Ptr64 strlen:0=GxPtr64 fwrite:0=GxPtr64 fwrite:1=Num64B8 fwrite:2=Num64B8 fwrite:3=Ptr64 strlen:0=GxPtr64 fwrite:0=GxPtr64 fwrite:1=Num64B8 fwrite:2=Num64B8 fwrite:3=Ptr64 strlen:0=GxPtr64 fwrite:0=GxPtr64 fwrite:1=Num64B8 fwrite:2=Num64B8 fwrite:3=Ptr64 strlen:0=GxPtr64 fwrite:0=GxPtr64 fwrite:1=Num64B8 fwrite:2=Num64B8 fwrite:3=Ptr64 strlen:0=GxPtr64 fwrite:0=GxPtr64 fwrite:1=Num64B8 fwrite:2=Num64B8 fwrite:3=Ptr64 strlen:0=GxPtr64 fwrite:0=GxPtr64 fwrite:1=Num64B8 fwrite:2=Num64B8 fwrite:3=Ptr64 strlen:0=GxPtr64 fwrite:0=GxPtr64 fwrite:1=Num64B8 fwrite:2=Num64B8 fwrite:3=Ptr64 strlen:0=GxPtr64 fwrite:0=GxPtr64 fwrite:1=Num64B8 fwrite:2=Num64B8 fwrite:3=Ptr64 strlen:0=GxPtr64 fwrite:0=GxPtr64 fwrite:1=Num64B8 fwrite:2=Num64B8 fwrite:3=Ptr64 strlen:0=GPtr64 fopen:0=SPtr64 fopen:1=GxPtr64 malloc:0=Num64B8 malloc:0=Num64B8 malloc:0=Num64B8 malloc:0=Num64B8 malloc:0=Num64B8 malloc:0=Num64B8 strlen:0=GxPtr64 malloc:0=Num64B8 memcpy:0=HPtr64 memcpy:1=SPtr64 memcpy:2=Num64B8 memcpy:0=HPtr64 memcpy:1=GxPtr64 memcpy:2=Num64B8 strlen:0=SPtr64 fwrite:0=SPtr64 fwrite:1=Num64B8 fwrite:2=Num64B8 fwrite:3=Ptr64 strlen:0=GxPtr64 fwrite:0=GxPtr64 fwrite:1=Num64B8 fwrite:2=Num64B8 fwrite:3=Ptr64 strlen:0=GxPtr64 fwrite:0=GxPtr64 fwrite:1=Num64B8 fwrite:2=Num64B8 fwrite:3=Ptr64 strlen:0=GxPtr64 fwrite:0=GxPtr64 fwrite:1=Num64B8 fwrite:2=Num64B8 fwrite:3=Ptr64 strlen:0=GxPtr64 fwrite:0=GxPtr64 fwrite:1=Num64B8 fwrite:2=Num64B8 fwrite:3=Ptr64 fwrite:0=HPtr64 fwrite:1=Num64B8 fwrite:2=Num64B8 fwrite:3=Ptr64 exit:0=Num64B8 exited=2 
/usr/local/bin/sam2p:/usr/local/bin/sam2p	strlen:0=SPtr64 strlen:0=GxPtr64 strlen:0=SPtr64 strlen:0=GxPtr64 strlen:0=SPtr64 strlen:0=GxPtr64 strlen:0=SPtr64 strlen:0=GxPtr64 strlen:0=SPtr64 strlen:0=GxPtr64 strlen:0=SPtr64 strlen:0=GxPtr64 strlen:0=SPtr64 strlen:0=GxPtr64 strlen:0=SPtr64 strlen:0=GxPtr64 strlen:0=GxPtr64 fwrite:0=GxPtr64 fwrite:1=Num64B8 fwrite:2=Num64B8 fwrite:3=Ptr64 strlen:0=GxPtr64 fwrite:0=GxPtr64 fwrite:1=Num64B8 fwrite:2=Num64B8 fwrite:3=Ptr64 strlen:0=GxPtr64 fwrite:0=GxPtr64 fwrite:1=Num64B8 fwrite:2=Num64B8 fwrite:3=Ptr64 strlen:0=GxPtr64 fwrite:0=GxPtr64 fwrite:1=Num64B8 fwrite:2=Num64B8 fwrite:3=Ptr64 strlen:0=GxPtr64 fwrite:0=GxPtr64 fwrite:1=Num64B8 fwrite:2=Num64B8 fwrite:3=Ptr64 strlen:0=GxPtr64 fwrite:0=GxPtr64 fwrite:1=Num64B8 fwrite:2=Num64B8 fwrite:3=Ptr64 strlen:0=GxPtr64 fwrite:0=GxPtr64 fwrite:1=Num64B8 fwrite:2=Num64B8 fwrite:3=Ptr64 strlen:0=GxPtr64 fwrite:0=GxPtr64 fwrite:1=Num64B8 fwrite:2=Num64B8 fwrite:3=Ptr64 strlen:0=GxPtr64 fwrite:0=GxPtr64 fwrite:1=Num64B8 fwrite:2=Num64B8 fwrite:3=Ptr64 strlen:0=GxPtr64 fwrite:0=GxPtr64 fwrite:1=Num64B8 fwrite:2=Num64B8 fwrite:3=Ptr64 strlen:0=GxPtr64 fwrite:0=GxPtr64 fwrite:1=Num64B8 fwrite:2=Num64B8 fwrite:3=Ptr64 strlen:0=GxPtr64 fwrite:0=GxPtr64 fwrite:1=Num64B8 fwrite:2=Num64B8 fwrite:3=Ptr64 strlen:0=GxPtr64 fwrite:0=GxPtr64 fwrite:1=Num64B8 fwrite:2=Num64B8 fwrite:3=Ptr64 strlen:0=GxPtr64 fwrite:0=GxPtr64 fwrite:1=Num64B8 fwrite:2=Num64B8 fwrite:3=Ptr64 strlen:0=GxPtr64 fwrite:0=GxPtr64 fwrite:1=Num64B8 fwrite:2=Num64B8 fwrite:3=Ptr64 strlen:0=GxPtr64 fwrite:0=GxPtr64 fwrite:1=Num64B8 fwrite:2=Num64B8 fwrite:3=Ptr64 strlen:0=GxPtr64 fwrite:0=GxPtr64 fwrite:1=Num64B8 fwrite:2=Num64B8 fwrite:3=Ptr64 strlen:0=GxPtr64 fwrite:0=GxPtr64 fwrite:1=Num64B8 fwrite:2=Num64B8 fwrite:3=Ptr64 strlen:0=GxPtr64 fwrite:0=GxPtr64 fwrite:1=Num64B8 fwrite:2=Num64B8 fwrite:3=Ptr64 strlen:0=GxPtr64 fwrite:0=GxPtr64 fwrite:1=Num64B8 fwrite:2=Num64B8 fwrite:3=Ptr64 strlen:0=GxPtr64 fwrite:0=GxPtr64 fwrite:1=Num64B8 fwrite:2=Num64B8 fwrite:3=Ptr64 strlen:0=GxPtr64 fwrite:0=GxPtr64 fwrite:1=Num64B8 fwrite:2=Num64B8 fwrite:3=Ptr64 strlen:0=GxPtr64 fwrite:0=GxPtr64 fwrite:1=Num64B8 fwrite:2=Num64B8 fwrite:3=Ptr64 strlen:0=GxPtr64 fwrite:0=GxPtr64 fwrite:1=Num64B8 fwrite:2=Num64B8 fwrite:3=Ptr64 strlen:0=GxPtr64 fwrite:0=GxPtr64 fwrite:1=Num64B8 fwrite:2=Num64B8 fwrite:3=Ptr64 strlen:0=GxPtr64 fwrite:0=GxPtr64 fwrite:1=Num64B8 fwrite:2=Num64B8 fwrite:3=Ptr64 strlen:0=GxPtr64 fwrite:0=GxPtr64 fwrite:1=Num64B8 fwrite:2=Num64B8 fwrite:3=Ptr64 strlen:0=GxPtr64 fwrite:0=GxPtr64 fwrite:1=Num64B8 fwrite:2=Num64B8 fwrite:3=Ptr64 strlen:0=GxPtr64 fwrite:0=GxPtr64 fwrite:1=Num64B8 fwrite:2=Num64B8 fwrite:3=Ptr64 strlen:0=GxPtr64 fwrite:0=GxPtr64 fwrite:1=Num64B8 fwrite:2=Num64B8 fwrite:3=Ptr64 strlen:0=GxPtr64 fwrite:0=GxPtr64 fwrite:1=Num64B8 fwrite:2=Num64B8 fwrite:3=Ptr64 strlen:0=GxPtr64 fwrite:0=GxPtr64 fwrite:1=Num64B8 fwrite:2=Num64B8 fwrite:3=Ptr64 strlen:0=GxPtr64 fwrite:0=GxPtr64 fwrite:1=Num64B8 fwrite:2=Num64B8 fwrite:3=Ptr64 strlen:0=GxPtr64 fwrite:0=GxPtr64 fwrite:1=Num64B8 fwrite:2=Num64B8 fwrite:3=Ptr64 strlen:0=GPtr64 fopen:0=SPtr64 fopen:1=GxPtr64 malloc:0=Num64B8 malloc:0=Num64B8 malloc:0=Num64B8 malloc:0=Num64B8 malloc:0=Num64B8 malloc:0=Num64B8 strlen:0=GxPtr64 malloc:0=Num64B8 memcpy:0=HPtr64 memcpy:1=SPtr64 memcpy:2=Num64B8 memcpy:0=HPtr64 memcpy:1=GxPtr64 memcpy:2=Num64B8 strlen:0=SPtr64 fwrite:0=SPtr64 fwrite:1=Num64B8 fwrite:2=Num64B8 fwrite:3=Ptr64 strlen:0=GxPtr64 fwrite:0=GxPtr64 fwrite:1=Num64B8 fwrite:2=Num64B8 fwrite:3=Ptr64 strlen:0=GxPtr64 fwrite:0=GxPtr64 fwrite:1=Num64B8 fwrite:2=Num64B8 fwrite:3=Ptr64 strlen:0=GxPtr64 fwrite:0=GxPtr64 fwrite:1=Num64B8 fwrite:2=Num64B8 fwrite:3=Ptr64 strlen:0=GxPtr64 fwrite:0=GxPtr64 fwrite:1=Num64B8 fwrite:2=Num64B8 fwrite:3=Ptr64 fwrite:0=HPtr64 fwrite:1=Num64B8 fwrite:2=Num64B8 fwrite:3=Ptr64 exit:0=Num64B8 exited=2 
/usr/local/bin/sam2p:/usr/local/bin/sam2p	strlen:0=SPtr64 strlen:0=GxPtr64 strlen:0=SPtr64 strlen:0=GxPtr64 strlen:0=SPtr64 strlen:0=GxPtr64 strlen:0=SPtr64 strlen:0=GxPtr64 strlen:0=SPtr64 strlen:0=GxPtr64 strlen:0=SPtr64 strlen:0=GxPtr64 strlen:0=SPtr64 strlen:0=GxPtr64 strlen:0=SPtr64 strlen:0=GxPtr64 strlen:0=GxPtr64 fwrite:0=GxPtr64 fwrite:1=Num64B8 fwrite:2=Num64B8 fwrite:3=Ptr64 strlen:0=GxPtr64 fwrite:0=GxPtr64 fwrite:1=Num64B8 fwrite:2=Num64B8 fwrite:3=Ptr64 strlen:0=GxPtr64 fwrite:0=GxPtr64 fwrite:1=Num64B8 fwrite:2=Num64B8 fwrite:3=Ptr64 strlen:0=GxPtr64 fwrite:0=GxPtr64 fwrite:1=Num64B8 fwrite:2=Num64B8 fwrite:3=Ptr64 strlen:0=GxPtr64 fwrite:0=GxPtr64 fwrite:1=Num64B8 fwrite:2=Num64B8 fwrite:3=Ptr64 strlen:0=GxPtr64 fwrite:0=GxPtr64 fwrite:1=Num64B8 fwrite:2=Num64B8 fwrite:3=Ptr64 strlen:0=GxPtr64 fwrite:0=GxPtr64 fwrite:1=Num64B8 fwrite:2=Num64B8 fwrite:3=Ptr64 strlen:0=GxPtr64 fwrite:0=GxPtr64 fwrite:1=Num64B8 fwrite:2=Num64B8 fwrite:3=Ptr64 strlen:0=GxPtr64 fwrite:0=GxPtr64 fwrite:1=Num64B8 fwrite:2=Num64B8 fwrite:3=Ptr64 strlen:0=GxPtr64 fwrite:0=GxPtr64 fwrite:1=Num64B8 fwrite:2=Num64B8 fwrite:3=Ptr64 strlen:0=GxPtr64 fwrite:0=GxPtr64 fwrite:1=Num64B8 fwrite:2=Num64B8 fwrite:3=Ptr64 strlen:0=GxPtr64 fwrite:0=GxPtr64 fwrite:1=Num64B8 fwrite:2=Num64B8 fwrite:3=Ptr64 strlen:0=GxPtr64 fwrite:0=GxPtr64 fwrite:1=Num64B8 fwrite:2=Num64B8 fwrite:3=Ptr64 strlen:0=GxPtr64 fwrite:0=GxPtr64 fwrite:1=Num64B8 fwrite:2=Num64B8 fwrite:3=Ptr64 strlen:0=GxPtr64 fwrite:0=GxPtr64 fwrite:1=Num64B8 fwrite:2=Num64B8 fwrite:3=Ptr64 strlen:0=GxPtr64 fwrite:0=GxPtr64 fwrite:1=Num64B8 fwrite:2=Num64B8 fwrite:3=Ptr64 strlen:0=GxPtr64 fwrite:0=GxPtr64 fwrite:1=Num64B8 fwrite:2=Num64B8 fwrite:3=Ptr64 strlen:0=GxPtr64 fwrite:0=GxPtr64 fwrite:1=Num64B8 fwrite:2=Num64B8 fwrite:3=Ptr64 strlen:0=GxPtr64 fwrite:0=GxPtr64 fwrite:1=Num64B8 fwrite:2=Num64B8 fwrite:3=Ptr64 strlen:0=GxPtr64 fwrite:0=GxPtr64 fwrite:1=Num64B8 fwrite:2=Num64B8 fwrite:3=Ptr64 strlen:0=GxPtr64 fwrite:0=GxPtr64 fwrite:1=Num64B8 fwrite:2=Num64B8 fwrite:3=Ptr64 strlen:0=GxPtr64 fwrite:0=GxPtr64 fwrite:1=Num64B8 fwrite:2=Num64B8 fwrite:3=Ptr64 strlen:0=GxPtr64 fwrite:0=GxPtr64 fwrite:1=Num64B8 fwrite:2=Num64B8 fwrite:3=Ptr64 strlen:0=GxPtr64 fwrite:0=GxPtr64 fwrite:1=Num64B8 fwrite:2=Num64B8 fwrite:3=Ptr64 strlen:0=GxPtr64 fwrite:0=GxPtr64 fwrite:1=Num64B8 fwrite:2=Num64B8 fwrite:3=Ptr64 strlen:0=GxPtr64 fwrite:0=GxPtr64 fwrite:1=Num64B8 fwrite:2=Num64B8 fwrite:3=Ptr64 strlen:0=GxPtr64 fwrite:0=GxPtr64 fwrite:1=Num64B8 fwrite:2=Num64B8 fwrite:3=Ptr64 strlen:0=GxPtr64 fwrite:0=GxPtr64 fwrite:1=Num64B8 fwrite:2=Num64B8 fwrite:3=Ptr64 strlen:0=GxPtr64 fwrite:0=GxPtr64 fwrite:1=Num64B8 fwrite:2=Num64B8 fwrite:3=Ptr64 strlen:0=GxPtr64 fwrite:0=GxPtr64 fwrite:1=Num64B8 fwrite:2=Num64B8 fwrite:3=Ptr64 strlen:0=GxPtr64 fwrite:0=GxPtr64 fwrite:1=Num64B8 fwrite:2=Num64B8 fwrite:3=Ptr64 strlen:0=GxPtr64 fwrite:0=GxPtr64 fwrite:1=Num64B8 fwrite:2=Num64B8 fwrite:3=Ptr64 strlen:0=GxPtr64 fwrite:0=GxPtr64 fwrite:1=Num64B8 fwrite:2=Num64B8 fwrite:3=Ptr64 strlen:0=GxPtr64 fwrite:0=GxPtr64 fwrite:1=Num64B8 fwrite:2=Num64B8 fwrite:3=Ptr64 strlen:0=GPtr64 fopen:0=SPtr64 fopen:1=GxPtr64 malloc:0=Num64B8 malloc:0=Num64B8 malloc:0=Num64B8 malloc:0=Num64B8 malloc:0=Num64B8 malloc:0=Num64B8 strlen:0=GxPtr64 malloc:0=Num64B8 memcpy:0=HPtr64 memcpy:1=SPtr64 memcpy:2=Num64B8 memcpy:0=HPtr64 memcpy:1=GxPtr64 memcpy:2=Num64B8 strlen:0=SPtr64 fwrite:0=SPtr64 fwrite:1=Num64B8 fwrite:2=Num64B8 fwrite:3=Ptr64 strlen:0=GxPtr64 fwrite:0=GxPtr64 fwrite:1=Num64B8 fwrite:2=Num64B8 fwrite:3=Ptr64 strlen:0=GxPtr64 fwrite:0=GxPtr64 fwrite:1=Num64B8 fwrite:2=Num64B8 fwrite:3=Ptr64 strlen:0=GxPtr64 fwrite:0=GxPtr64 fwrite:1=Num64B8 fwrite:2=Num64B8 fwrite:3=Ptr64 strlen:0=GxPtr64 fwrite:0=GxPtr64 fwrite:1=Num64B8 fwrite:2=Num64B8 fwrite:3=Ptr64 fwrite:0=HPtr64 fwrite:1=Num64B8 fwrite:2=Num64B8 fwrite:3=Ptr64 exit:0=Num64B8 exited=2 
