/usr/bin/sar.sysstat:/usr/bin/sar.sysstat	setlocale:0=Num64B8 setlocale:1=GxPtr64 setlocale:0=Num64B0 setlocale:1=GxPtr64 setlocale:0=Num64B8 setlocale:1=GxPtr64 setlocale:0=Num64B8 setlocale:1=GxPtr64 bindtextdomain:0=GxPtr64 bindtextdomain:1=GxPtr64 textdomain:0=GxPtr64 realloc:0=NPtr64 realloc:1=Num64B16 memset:0=HPtr64 memset:1=Num64B0 memset:2=Num64B16 realloc:0=NPtr64 realloc:1=Num64B8 memset:0=HPtr64 memset:1=Num64B0 memset:2=Num64B8 strspn:0=SPtr64 strspn:1=GxPtr64 strspn:0=SPtr64 strspn:1=GxPtr64 pipe:0=SPtr64 fork:0=Top64 dup2:0=Num64B8 dup2:1=Num64B0 close:0=Num64B8 close:0=Num64B8 setbuf:0=Ptr64 setbuf:1=NPtr64 read:0=Num64B0 read:1=SPtr64 read:2=Num64B8 SIGCHLD=() exit:0=Num64B8 exited=3 
/usr/bin/sar.sysstat:/usr/bin/sar.sysstat	setlocale:0=Num64B8 setlocale:1=GxPtr64 setlocale:0=Num64B0 setlocale:1=GxPtr64 setlocale:0=Num64B8 setlocale:1=GxPtr64 setlocale:0=Num64B8 setlocale:1=GxPtr64 bindtextdomain:0=GxPtr64 bindtextdomain:1=GxPtr64 textdomain:0=GxPtr64 realloc:0=NPtr64 realloc:1=Num64B16 memset:0=HPtr64 memset:1=Num64B0 memset:2=Num64B16 realloc:0=NPtr64 realloc:1=Num64B8 memset:0=HPtr64 memset:1=Num64B0 memset:2=Num64B8 strspn:0=SPtr64 strspn:1=GxPtr64 strspn:0=SPtr64 strspn:1=GxPtr64 pipe:0=SPtr64 fork:0=Top64 dup2:0=Num64B8 dup2:1=Num64B0 close:0=Num64B8 close:0=Num64B8 setbuf:0=Ptr64 setbuf:1=NPtr64 read:0=Num64B0 read:1=SPtr64 read:2=Num64B8 exit:0=Num64B8 exited=3 
/usr/bin/sar.sysstat:/usr/bin/sar.sysstat	setlocale:0=Num64B8 setlocale:1=GxPtr64 setlocale:0=Num64B0 setlocale:1=GxPtr64 setlocale:0=Num64B8 setlocale:1=GxPtr64 setlocale:0=Num64B8 setlocale:1=GxPtr64 bindtextdomain:0=GxPtr64 bindtextdomain:1=GxPtr64 textdomain:0=GxPtr64 realloc:0=NPtr64 realloc:1=Num64B16 memset:0=HPtr64 memset:1=Num64B0 memset:2=Num64B16 realloc:0=NPtr64 realloc:1=Num64B8 memset:0=HPtr64 memset:1=Num64B0 memset:2=Num64B8 strspn:0=SPtr64 strspn:1=GxPtr64 strspn:0=SPtr64 strspn:1=GxPtr64 pipe:0=SPtr64 fork:0=Top64 dup2:0=Num64B8 dup2:1=Num64B0 close:0=Num64B8 close:0=Num64B8 setbuf:0=Ptr64 setbuf:1=NPtr64 read:0=Num64B0 read:1=SPtr64 read:2=Num64B8 exit:0=Num64B8 exited=3 
/usr/bin/sar.sysstat:/usr/bin/sar.sysstat	setlocale:0=Num64B8 setlocale:1=GxPtr64 setlocale:0=Num64B0 setlocale:1=GxPtr64 setlocale:0=Num64B8 setlocale:1=GxPtr64 setlocale:0=Num64B8 setlocale:1=GxPtr64 bindtextdomain:0=GxPtr64 bindtextdomain:1=GxPtr64 textdomain:0=GxPtr64 realloc:0=NPtr64 realloc:1=Num64B16 memset:0=HPtr64 memset:1=Num64B0 memset:2=Num64B16 realloc:0=NPtr64 realloc:1=Num64B8 memset:0=HPtr64 memset:1=Num64B0 memset:2=Num64B8 strspn:0=SPtr64 strspn:1=GxPtr64 strspn:0=SPtr64 strspn:1=GxPtr64 pipe:0=SPtr64 fork:0=Top64 dup2:0=Num64B8 dup2:1=Num64B0 close:0=Num64B8 close:0=Num64B8 setbuf:0=Ptr64 setbuf:1=NPtr64 read:0=Num64B0 read:1=SPtr64 read:2=Num64B8 exit:0=Num64B8 exited=3 
/usr/bin/sar.sysstat:/usr/bin/sar.sysstat	setlocale:0=Num64B8 setlocale:1=GxPtr64 setlocale:0=Num64B0 setlocale:1=GxPtr64 setlocale:0=Num64B8 setlocale:1=GxPtr64 setlocale:0=Num64B8 setlocale:1=GxPtr64 bindtextdomain:0=GxPtr64 bindtextdomain:1=GxPtr64 textdomain:0=GxPtr64 realloc:0=NPtr64 realloc:1=Num64B16 memset:0=HPtr64 memset:1=Num64B0 memset:2=Num64B16 realloc:0=NPtr64 realloc:1=Num64B8 memset:0=HPtr64 memset:1=Num64B0 memset:2=Num64B8 strspn:0=SPtr64 strspn:1=GxPtr64 strspn:0=SPtr64 strspn:1=GxPtr64 pipe:0=SPtr64 fork:0=Top64 dup2:0=Num64B8 dup2:1=Num64B0 close:0=Num64B8 close:0=Num64B8 setbuf:0=Ptr64 setbuf:1=NPtr64 read:0=Num64B0 read:1=SPtr64 read:2=Num64B8 exit:0=Num64B8 exited=3 
/usr/bin/sar.sysstat:/usr/bin/sar.sysstat	setlocale:0=Num64B8 setlocale:1=GxPtr64 setlocale:0=Num64B0 setlocale:1=GxPtr64 setlocale:0=Num64B8 setlocale:1=GxPtr64 setlocale:0=Num64B8 setlocale:1=GxPtr64 bindtextdomain:0=GxPtr64 bindtextdomain:1=GxPtr64 textdomain:0=GxPtr64 realloc:0=NPtr64 realloc:1=Num64B16 memset:0=HPtr64 memset:1=Num64B0 memset:2=Num64B16 realloc:0=NPtr64 realloc:1=Num64B8 memset:0=HPtr64 memset:1=Num64B0 memset:2=Num64B8 strspn:0=SPtr64 strspn:1=GxPtr64 strspn:0=SPtr64 strspn:1=GxPtr64 pipe:0=SPtr64 fork:0=Top64 dup2:0=Num64B8 dup2:1=Num64B0 close:0=Num64B8 close:0=Num64B8 setbuf:0=Ptr64 setbuf:1=NPtr64 read:0=Num64B0 read:1=SPtr64 read:2=Num64B8 exit:0=Num64B8 exited=3 
/usr/bin/sar.sysstat:/usr/bin/sar.sysstat	setlocale:0=Num64B8 setlocale:1=GxPtr64 setlocale:0=Num64B0 setlocale:1=GxPtr64 setlocale:0=Num64B8 setlocale:1=GxPtr64 setlocale:0=Num64B8 setlocale:1=GxPtr64 bindtextdomain:0=GxPtr64 bindtextdomain:1=GxPtr64 textdomain:0=GxPtr64 realloc:0=NPtr64 realloc:1=Num64B16 memset:0=HPtr64 memset:1=Num64B0 memset:2=Num64B16 realloc:0=NPtr64 realloc:1=Num64B8 memset:0=HPtr64 memset:1=Num64B0 memset:2=Num64B8 strspn:0=SPtr64 strspn:1=GxPtr64 strspn:0=SPtr64 strspn:1=GxPtr64 pipe:0=SPtr64 fork:0=Top64 dup2:0=Num64B8 dup2:1=Num64B0 close:0=Num64B8 close:0=Num64B8 setbuf:0=Ptr64 setbuf:1=NPtr64 read:0=Num64B0 read:1=SPtr64 read:2=Num64B8 exit:0=Num64B8 exited=3 
/usr/bin/sar.sysstat:/usr/bin/sar.sysstat	setlocale:0=Num64B8 setlocale:1=GxPtr64 setlocale:0=Num64B0 setlocale:1=GxPtr64 setlocale:0=Num64B8 setlocale:1=GxPtr64 setlocale:0=Num64B8 setlocale:1=GxPtr64 bindtextdomain:0=GxPtr64 bindtextdomain:1=GxPtr64 textdomain:0=GxPtr64 realloc:0=NPtr64 realloc:1=Num64B16 memset:0=HPtr64 memset:1=Num64B0 memset:2=Num64B16 realloc:0=NPtr64 realloc:1=Num64B8 memset:0=HPtr64 memset:1=Num64B0 memset:2=Num64B8 strspn:0=SPtr64 strspn:1=GxPtr64 strspn:0=SPtr64 strspn:1=GxPtr64 pipe:0=SPtr64 fork:0=Top64 dup2:0=Num64B8 dup2:1=Num64B0 close:0=Num64B8 close:0=Num64B8 setbuf:0=Ptr64 setbuf:1=NPtr64 read:0=Num64B0 read:1=SPtr64 read:2=Num64B8 exit:0=Num64B8 exited=3 
/usr/bin/sar.sysstat:/usr/bin/sar.sysstat	setlocale:0=Num64B8 setlocale:1=GxPtr64 setlocale:0=Num64B0 setlocale:1=GxPtr64 setlocale:0=Num64B8 setlocale:1=GxPtr64 setlocale:0=Num64B8 setlocale:1=GxPtr64 bindtextdomain:0=GxPtr64 bindtextdomain:1=GxPtr64 textdomain:0=GxPtr64 realloc:0=NPtr64 realloc:1=Num64B16 memset:0=HPtr64 memset:1=Num64B0 memset:2=Num64B16 realloc:0=NPtr64 realloc:1=Num64B8 memset:0=HPtr64 memset:1=Num64B0 memset:2=Num64B8 strspn:0=SPtr64 strspn:1=GxPtr64 strspn:0=SPtr64 strspn:1=GxPtr64 pipe:0=SPtr64 fork:0=Top64 dup2:0=Num64B8 dup2:1=Num64B0 close:0=Num64B8 close:0=Num64B8 setbuf:0=Ptr64 setbuf:1=NPtr64 read:0=Num64B0 read:1=SPtr64 read:2=Num64B8 exit:0=Num64B8 exited=3 
/usr/bin/sar.sysstat:/usr/bin/sar.sysstat	setlocale:0=Num64B8 setlocale:1=GxPtr64 setlocale:0=Num64B0 setlocale:1=GxPtr64 setlocale:0=Num64B8 setlocale:1=GxPtr64 setlocale:0=Num64B8 setlocale:1=GxPtr64 bindtextdomain:0=GxPtr64 bindtextdomain:1=GxPtr64 textdomain:0=GxPtr64 realloc:0=NPtr64 realloc:1=Num64B16 memset:0=HPtr64 memset:1=Num64B0 memset:2=Num64B16 realloc:0=NPtr64 realloc:1=Num64B8 memset:0=HPtr64 memset:1=Num64B0 memset:2=Num64B8 strspn:0=SPtr64 strspn:1=GxPtr64 strspn:0=SPtr64 strspn:1=GxPtr64 pipe:0=SPtr64 fork:0=Top64 dup2:0=Num64B8 dup2:1=Num64B0 close:0=Num64B8 close:0=Num64B8 setbuf:0=Ptr64 setbuf:1=NPtr64 read:0=Num64B0 read:1=SPtr64 read:2=Num64B8 exit:0=Num64B8 exited=3 
/usr/bin/sar.sysstat:/usr/bin/sar.sysstat	setlocale:0=Num64B8 setlocale:1=GxPtr64 setlocale:0=Num64B0 setlocale:1=GxPtr64 setlocale:0=Num64B8 setlocale:1=GxPtr64 setlocale:0=Num64B8 setlocale:1=GxPtr64 bindtextdomain:0=GxPtr64 bindtextdomain:1=GxPtr64 textdomain:0=GxPtr64 realloc:0=NPtr64 realloc:1=Num64B16 memset:0=HPtr64 memset:1=Num64B0 memset:2=Num64B16 realloc:0=NPtr64 realloc:1=Num64B8 memset:0=HPtr64 memset:1=Num64B0 memset:2=Num64B8 strspn:0=SPtr64 strspn:1=GxPtr64 strspn:0=SPtr64 strspn:1=GxPtr64 pipe:0=SPtr64 fork:0=Top64 dup2:0=Num64B8 dup2:1=Num64B0 close:0=Num64B8 close:0=Num64B8 setbuf:0=Ptr64 setbuf:1=NPtr64 read:0=Num64B0 read:1=SPtr64 read:2=Num64B8 exit:0=Num64B8 exited=3 
/usr/bin/sar.sysstat:/usr/bin/sar.sysstat	setlocale:0=Num64B8 setlocale:1=GxPtr64 setlocale:0=Num64B0 setlocale:1=GxPtr64 setlocale:0=Num64B8 setlocale:1=GxPtr64 setlocale:0=Num64B8 setlocale:1=GxPtr64 bindtextdomain:0=GxPtr64 bindtextdomain:1=GxPtr64 textdomain:0=GxPtr64 realloc:0=NPtr64 realloc:1=Num64B16 memset:0=HPtr64 memset:1=Num64B0 memset:2=Num64B16 realloc:0=NPtr64 realloc:1=Num64B8 memset:0=HPtr64 memset:1=Num64B0 memset:2=Num64B8 strspn:0=SPtr64 strspn:1=GxPtr64 strspn:0=SPtr64 strspn:1=GxPtr64 pipe:0=SPtr64 fork:0=Top64 dup2:0=Num64B8 dup2:1=Num64B0 close:0=Num64B8 close:0=Num64B8 setbuf:0=Ptr64 setbuf:1=NPtr64 read:0=Num64B0 read:1=SPtr64 read:2=Num64B8 exit:0=Num64B8 exited=3 
/usr/bin/sar.sysstat:/usr/bin/sar.sysstat	setlocale:0=Num64B8 setlocale:1=GxPtr64 setlocale:0=Num64B0 setlocale:1=GxPtr64 setlocale:0=Num64B8 setlocale:1=GxPtr64 setlocale:0=Num64B8 setlocale:1=GxPtr64 bindtextdomain:0=GxPtr64 bindtextdomain:1=GxPtr64 textdomain:0=GxPtr64 realloc:0=NPtr64 realloc:1=Num64B16 memset:0=HPtr64 memset:1=Num64B0 memset:2=Num64B16 realloc:0=NPtr64 realloc:1=Num64B8 memset:0=HPtr64 memset:1=Num64B0 memset:2=Num64B8 strspn:0=SPtr64 strspn:1=GxPtr64 strspn:0=SPtr64 strspn:1=GxPtr64 pipe:0=SPtr64 fork:0=Top64 dup2:0=Num64B8 dup2:1=Num64B0 close:0=Num64B8 close:0=Num64B8 setbuf:0=Ptr64 setbuf:1=NPtr64 read:0=Num64B0 read:1=SPtr64 read:2=Num64B8 exit:0=Num64B8 exited=3 
/usr/bin/sar.sysstat:/usr/bin/sar.sysstat	setlocale:0=Num64B8 setlocale:1=GxPtr64 setlocale:0=Num64B0 setlocale:1=GxPtr64 setlocale:0=Num64B8 setlocale:1=GxPtr64 setlocale:0=Num64B8 setlocale:1=GxPtr64 bindtextdomain:0=GxPtr64 bindtextdomain:1=GxPtr64 textdomain:0=GxPtr64 realloc:0=NPtr64 realloc:1=Num64B16 memset:0=HPtr64 memset:1=Num64B0 memset:2=Num64B16 realloc:0=NPtr64 realloc:1=Num64B8 memset:0=HPtr64 memset:1=Num64B0 memset:2=Num64B8 strspn:0=SPtr64 strspn:1=GxPtr64 strspn:0=SPtr64 strspn:1=GxPtr64 pipe:0=SPtr64 fork:0=Top64 dup2:0=Num64B8 dup2:1=Num64B0 close:0=Num64B8 close:0=Num64B8 setbuf:0=Ptr64 setbuf:1=NPtr64 read:0=Num64B0 read:1=SPtr64 read:2=Num64B8 exit:0=Num64B8 exited=3 
/usr/bin/sar.sysstat:/usr/bin/sar.sysstat	setlocale:0=Num64B8 setlocale:1=GxPtr64 setlocale:0=Num64B0 setlocale:1=GxPtr64 setlocale:0=Num64B8 setlocale:1=GxPtr64 setlocale:0=Num64B8 setlocale:1=GxPtr64 bindtextdomain:0=GxPtr64 bindtextdomain:1=GxPtr64 textdomain:0=GxPtr64 realloc:0=NPtr64 realloc:1=Num64B16 memset:0=HPtr64 memset:1=Num64B0 memset:2=Num64B16 realloc:0=NPtr64 realloc:1=Num64B8 memset:0=HPtr64 memset:1=Num64B0 memset:2=Num64B8 strspn:0=SPtr64 strspn:1=GxPtr64 strspn:0=SPtr64 strspn:1=GxPtr64 pipe:0=SPtr64 fork:0=Top64 dup2:0=Num64B8 dup2:1=Num64B0 close:0=Num64B8 close:0=Num64B8 setbuf:0=Ptr64 setbuf:1=NPtr64 read:0=Num64B0 read:1=SPtr64 read:2=Num64B8 exit:0=Num64B8 exited=3 
/usr/bin/sar.sysstat:/usr/bin/sar.sysstat	setlocale:0=Num64B8 setlocale:1=GxPtr64 setlocale:0=Num64B0 setlocale:1=GxPtr64 setlocale:0=Num64B8 setlocale:1=GxPtr64 setlocale:0=Num64B8 setlocale:1=GxPtr64 bindtextdomain:0=GxPtr64 bindtextdomain:1=GxPtr64 textdomain:0=GxPtr64 realloc:0=NPtr64 realloc:1=Num64B16 memset:0=HPtr64 memset:1=Num64B0 memset:2=Num64B16 realloc:0=NPtr64 realloc:1=Num64B8 memset:0=HPtr64 memset:1=Num64B0 memset:2=Num64B8 strspn:0=SPtr64 strspn:1=GxPtr64 strspn:0=SPtr64 strspn:1=GxPtr64 pipe:0=SPtr64 fork:0=Top64 dup2:0=Num64B8 dup2:1=Num64B0 close:0=Num64B8 close:0=Num64B8 setbuf:0=Ptr64 setbuf:1=NPtr64 read:0=Num64B0 read:1=SPtr64 read:2=Num64B8 exit:0=Num64B8 exited=3 
/usr/bin/sar.sysstat:/usr/bin/sar.sysstat	setlocale:0=Num64B8 setlocale:1=GxPtr64 setlocale:0=Num64B0 setlocale:1=GxPtr64 setlocale:0=Num64B8 setlocale:1=GxPtr64 setlocale:0=Num64B8 setlocale:1=GxPtr64 bindtextdomain:0=GxPtr64 bindtextdomain:1=GxPtr64 textdomain:0=GxPtr64 realloc:0=NPtr64 realloc:1=Num64B16 memset:0=HPtr64 memset:1=Num64B0 memset:2=Num64B16 realloc:0=NPtr64 realloc:1=Num64B8 memset:0=HPtr64 memset:1=Num64B0 memset:2=Num64B8 strspn:0=SPtr64 strspn:1=GxPtr64 strspn:0=SPtr64 strspn:1=GxPtr64 pipe:0=SPtr64 fork:0=Top64 dup2:0=Num64B8 dup2:1=Num64B0 close:0=Num64B8 close:0=Num64B8 setbuf:0=Ptr64 setbuf:1=NPtr64 read:0=Num64B0 read:1=SPtr64 read:2=Num64B8 exit:0=Num64B8 exited=3 
/usr/bin/sar.sysstat:/usr/bin/sar.sysstat	setlocale:0=Num64B8 setlocale:1=GxPtr64 setlocale:0=Num64B0 setlocale:1=GxPtr64 setlocale:0=Num64B8 setlocale:1=GxPtr64 setlocale:0=Num64B8 setlocale:1=GxPtr64 bindtextdomain:0=GxPtr64 bindtextdomain:1=GxPtr64 textdomain:0=GxPtr64 realloc:0=NPtr64 realloc:1=Num64B16 memset:0=HPtr64 memset:1=Num64B0 memset:2=Num64B16 realloc:0=NPtr64 realloc:1=Num64B8 memset:0=HPtr64 memset:1=Num64B0 memset:2=Num64B8 strspn:0=SPtr64 strspn:1=GxPtr64 strspn:0=SPtr64 strspn:1=GxPtr64 pipe:0=SPtr64 fork:0=Top64 dup2:0=Num64B8 dup2:1=Num64B0 close:0=Num64B8 close:0=Num64B8 setbuf:0=Ptr64 setbuf:1=NPtr64 read:0=Num64B0 read:1=SPtr64 read:2=Num64B8 exit:0=Num64B8 exited=3 
/usr/bin/sar.sysstat:/usr/bin/sar.sysstat	setlocale:0=Num64B8 setlocale:1=GxPtr64 setlocale:0=Num64B0 setlocale:1=GxPtr64 setlocale:0=Num64B8 setlocale:1=GxPtr64 setlocale:0=Num64B8 setlocale:1=GxPtr64 bindtextdomain:0=GxPtr64 bindtextdomain:1=GxPtr64 textdomain:0=GxPtr64 realloc:0=NPtr64 realloc:1=Num64B16 memset:0=HPtr64 memset:1=Num64B0 memset:2=Num64B16 realloc:0=NPtr64 realloc:1=Num64B8 memset:0=HPtr64 memset:1=Num64B0 memset:2=Num64B8 strspn:0=SPtr64 strspn:1=GxPtr64 strspn:0=SPtr64 strspn:1=GxPtr64 pipe:0=SPtr64 fork:0=Top64 dup2:0=Num64B8 dup2:1=Num64B0 close:0=Num64B8 close:0=Num64B8 setbuf:0=Ptr64 setbuf:1=NPtr64 read:0=Num64B0 read:1=SPtr64 read:2=Num64B8 exit:0=Num64B8 exited=3 
