/usr/local/bin/magick:/usr/local/bin/magick	memcpy:0=SPtr64 memcpy:1=GxPtr64 memcpy:2=Num64B16 exited=0 
/usr/local/bin/magick:/usr/local/bin/magick	memcpy:0=SPtr64 memcpy:1=GxPtr64 memcpy:2=Num64B16 exited=0 
/usr/local/bin/magick:/usr/local/bin/magick	memcpy:0=SPtr64 memcpy:1=GxPtr64 memcpy:2=Num64B16 exited=0 
/usr/local/bin/magick:/usr/local/bin/magick	memcpy:0=SPtr64 memcpy:1=GxPtr64 memcpy:2=Num64B16 exited=0 
/usr/local/bin/magick:/usr/local/bin/magick	memcpy:0=SPtr64 memcpy:1=GxPtr64 memcpy:2=Num64B16 exited=0 
/usr/local/bin/magick:/usr/local/bin/magick	memcpy:0=SPtr64 memcpy:1=GxPtr64 memcpy:2=Num64B16 exited=0 
/usr/local/bin/magick:/usr/local/bin/magick	memcpy:0=SPtr64 memcpy:1=GxPtr64 memcpy:2=Num64B16 exited=0 
/usr/local/bin/magick:/usr/local/bin/magick	memcpy:0=SPtr64 memcpy:1=GxPtr64 memcpy:2=Num64B16 exited=0 
/usr/local/bin/magick:/usr/local/bin/magick	memcpy:0=SPtr64 memcpy:1=GxPtr64 memcpy:2=Num64B16 exited=0 
/usr/local/bin/magick:/usr/local/bin/magick	memcpy:0=SPtr64 memcpy:1=GxPtr64 memcpy:2=Num64B16 exited=0 
/usr/local/bin/magick:/usr/local/bin/magick	memcpy:0=SPtr64 memcpy:1=GxPtr64 memcpy:2=Num64B16 exited=0 
