/usr/local/bin/jasper:/usr/local/bin/jasper	strrchr:0=SPtr64 strrchr:1=Num64B8 strlen:0=GxPtr64 malloc:0=Num64B8 strcpy:0=HPtr64 strcpy:1=GxPtr64 strlen:0=GxPtr64 malloc:0=Num64B8 strcpy:0=HPtr64 strcpy:1=GxPtr64 strlen:0=GxPtr64 malloc:0=Num64B8 strcpy:0=HPtr64 strcpy:1=GxPtr64 strlen:0=GxPtr64 malloc:0=Num64B8 strcpy:0=HPtr64 strcpy:1=GxPtr64 strlen:0=GxPtr64 malloc:0=Num64B8 strcpy:0=HPtr64 strcpy:1=GxPtr64 strlen:0=GxPtr64 malloc:0=Num64B8 strcpy:0=HPtr64 strcpy:1=GxPtr64 strlen:0=GxPtr64 malloc:0=Num64B8 strcpy:0=HPtr64 strcpy:1=GxPtr64 strlen:0=GxPtr64 malloc:0=Num64B8 strcpy:0=HPtr64 strcpy:1=GxPtr64 strlen:0=GxPtr64 malloc:0=Num64B8 strcpy:0=HPtr64 strcpy:1=GxPtr64 strlen:0=GxPtr64 malloc:0=Num64B8 strcpy:0=HPtr64 strcpy:1=GxPtr64 strlen:0=GxPtr64 malloc:0=Num64B8 strcpy:0=HPtr64 strcpy:1=GxPtr64 strlen:0=GxPtr64 malloc:0=Num64B8 strcpy:0=HPtr64 strcpy:1=GxPtr64 strlen:0=GxPtr64 malloc:0=Num64B8 strcpy:0=HPtr64 strcpy:1=GxPtr64 strlen:0=GxPtr64 malloc:0=Num64B8 strcpy:0=HPtr64 strcpy:1=GxPtr64 strlen:0=GxPtr64 malloc:0=Num64B8 strcpy:0=HPtr64 strcpy:1=GxPtr64 strlen:0=GxPtr64 malloc:0=Num64B8 strcpy:0=HPtr64 strcpy:1=GxPtr64 strlen:0=GxPtr64 malloc:0=Num64B8 strcpy:0=HPtr64 strcpy:1=GxPtr64 strlen:0=GxPtr64 malloc:0=Num64B8 strcpy:0=HPtr64 strcpy:1=GxPtr64 strlen:0=GxPtr64 malloc:0=Num64B8 strcpy:0=HPtr64 strcpy:1=GxPtr64 strlen:0=GxPtr64 malloc:0=Num64B8 strcpy:0=HPtr64 strcpy:1=GxPtr64 strlen:0=GxPtr64 malloc:0=Num64B8 strcpy:0=HPtr64 strcpy:1=GxPtr64 strlen:0=GxPtr64 malloc:0=Num64B8 strcpy:0=HPtr64 strcpy:1=GxPtr64 strlen:0=GxPtr64 malloc:0=Num64B8 strcpy:0=HPtr64 strcpy:1=GxPtr64 strlen:0=GxPtr64 malloc:0=Num64B8 strcpy:0=HPtr64 strcpy:1=GxPtr64 strlen:0=GxPtr64 malloc:0=Num64B8 strcpy:0=HPtr64 strcpy:1=GxPtr64 strlen:0=GxPtr64 malloc:0=Num64B8 strcpy:0=HPtr64 strcpy:1=GxPtr64 strlen:0=GxPtr64 malloc:0=Num64B8 strcpy:0=HPtr64 strcpy:1=GxPtr64 strlen:0=GxPtr64 malloc:0=Num64B8 strcpy:0=HPtr64 strcpy:1=GxPtr64 strlen:0=GxPtr64 malloc:0=Num64B8 strcpy:0=HPtr64 strcpy:1=GxPtr64 strlen:0=GxPtr64 malloc:0=Num64B8 strcpy:0=HPtr64 strcpy:1=GxPtr64 malloc:0=Num64B16 strcmp:0=GxPtr64 strcmp:1=SPtr64 strcmp:0=GxPtr64 strcmp:1=SPtr64 strcmp:0=GxPtr64 strcmp:1=SPtr64 strcmp:0=GxPtr64 strcmp:1=SPtr64 strcmp:0=GxPtr64 strcmp:1=SPtr64 strcmp:0=GxPtr64 strcmp:1=SPtr64 strcmp:0=GxPtr64 strcmp:1=SPtr64 strcmp:0=GxPtr64 strcmp:1=SPtr64 strcmp:0=GxPtr64 strcmp:1=SPtr64 strcmp:0=GxPtr64 strcmp:1=SPtr64 strcmp:0=GxPtr64 strcmp:1=SPtr64 strcmp:0=GxPtr64 strcmp:1=SPtr64 strcmp:0=GxPtr64 strcmp:1=SPtr64 strcmp:0=GxPtr64 strcmp:1=SPtr64 strcmp:0=HPtr64 strcmp:1=SPtr64 strcmp:0=HPtr64 strcmp:1=SPtr64 strcmp:0=HPtr64 strcmp:1=SPtr64 strcmp:0=HPtr64 strcmp:1=SPtr64 strcmp:0=HPtr64 strcmp:1=SPtr64 malloc:0=Num64B8 malloc:0=Num64B8 open:0=SPtr64 open:1=Num64B0 open:2=Top64 free:0=HPtr64 exit:0=Num64B8 free:0=HPtr64 free:0=HPtr64 free:0=HPtr64 free:0=HPtr64 free:0=HPtr64 free:0=HPtr64 free:0=HPtr64 free:0=HPtr64 free:0=HPtr64 free:0=HPtr64 free:0=HPtr64 free:0=HPtr64 free:0=HPtr64 free:0=HPtr64 free:0=HPtr64 free:0=HPtr64 free:0=HPtr64 free:0=HPtr64 free:0=HPtr64 free:0=HPtr64 free:0=HPtr64 free:0=HPtr64 free:0=HPtr64 free:0=HPtr64 free:0=HPtr64 free:0=HPtr64 free:0=HPtr64 free:0=HPtr64 free:0=HPtr64 free:0=HPtr64 exited=1 
/usr/local/bin/jasper:/usr/local/bin/jasper	strrchr:0=SPtr64 strrchr:1=Num64B8 strlen:0=GxPtr64 malloc:0=Num64B8 strcpy:0=HPtr64 strcpy:1=GxPtr64 strlen:0=GxPtr64 malloc:0=Num64B8 strcpy:0=HPtr64 strcpy:1=GxPtr64 strlen:0=GxPtr64 malloc:0=Num64B8 strcpy:0=HPtr64 strcpy:1=GxPtr64 strlen:0=GxPtr64 malloc:0=Num64B8 strcpy:0=HPtr64 strcpy:1=GxPtr64 strlen:0=GxPtr64 malloc:0=Num64B8 strcpy:0=HPtr64 strcpy:1=GxPtr64 strlen:0=GxPtr64 malloc:0=Num64B8 strcpy:0=HPtr64 strcpy:1=GxPtr64 strlen:0=GxPtr64 malloc:0=Num64B8 strcpy:0=HPtr64 strcpy:1=GxPtr64 strlen:0=GxPtr64 malloc:0=Num64B8 strcpy:0=HPtr64 strcpy:1=GxPtr64 strlen:0=GxPtr64 malloc:0=Num64B8 strcpy:0=HPtr64 strcpy:1=GxPtr64 strlen:0=GxPtr64 malloc:0=Num64B8 strcpy:0=HPtr64 strcpy:1=GxPtr64 strlen:0=GxPtr64 malloc:0=Num64B8 strcpy:0=HPtr64 strcpy:1=GxPtr64 strlen:0=GxPtr64 malloc:0=Num64B8 strcpy:0=HPtr64 strcpy:1=GxPtr64 strlen:0=GxPtr64 malloc:0=Num64B8 strcpy:0=HPtr64 strcpy:1=GxPtr64 strlen:0=GxPtr64 malloc:0=Num64B8 strcpy:0=HPtr64 strcpy:1=GxPtr64 strlen:0=GxPtr64 malloc:0=Num64B8 strcpy:0=HPtr64 strcpy:1=GxPtr64 strlen:0=GxPtr64 malloc:0=Num64B8 strcpy:0=HPtr64 strcpy:1=GxPtr64 strlen:0=GxPtr64 malloc:0=Num64B8 strcpy:0=HPtr64 strcpy:1=GxPtr64 strlen:0=GxPtr64 malloc:0=Num64B8 strcpy:0=HPtr64 strcpy:1=GxPtr64 strlen:0=GxPtr64 malloc:0=Num64B8 strcpy:0=HPtr64 strcpy:1=GxPtr64 strlen:0=GxPtr64 malloc:0=Num64B8 strcpy:0=HPtr64 strcpy:1=GxPtr64 strlen:0=GxPtr64 malloc:0=Num64B8 strcpy:0=HPtr64 strcpy:1=GxPtr64 strlen:0=GxPtr64 malloc:0=Num64B8 strcpy:0=HPtr64 strcpy:1=GxPtr64 strlen:0=GxPtr64 malloc:0=Num64B8 strcpy:0=HPtr64 strcpy:1=GxPtr64 strlen:0=GxPtr64 malloc:0=Num64B8 strcpy:0=HPtr64 strcpy:1=GxPtr64 strlen:0=GxPtr64 malloc:0=Num64B8 strcpy:0=HPtr64 strcpy:1=GxPtr64 strlen:0=GxPtr64 malloc:0=Num64B8 strcpy:0=HPtr64 strcpy:1=GxPtr64 strlen:0=GxPtr64 malloc:0=Num64B8 strcpy:0=HPtr64 strcpy:1=GxPtr64 strlen:0=GxPtr64 malloc:0=Num64B8 strcpy:0=HPtr64 strcpy:1=GxPtr64 strlen:0=GxPtr64 malloc:0=Num64B8 strcpy:0=HPtr64 strcpy:1=GxPtr64 strlen:0=GxPtr64 malloc:0=Num64B8 strcpy:0=HPtr64 strcpy:1=GxPtr64 malloc:0=Num64B16 strcmp:0=GxPtr64 strcmp:1=SPtr64 strcmp:0=GxPtr64 strcmp:1=SPtr64 strcmp:0=GxPtr64 strcmp:1=SPtr64 strcmp:0=GxPtr64 strcmp:1=SPtr64 strcmp:0=GxPtr64 strcmp:1=SPtr64 strcmp:0=GxPtr64 strcmp:1=SPtr64 strcmp:0=GxPtr64 strcmp:1=SPtr64 strcmp:0=GxPtr64 strcmp:1=SPtr64 strcmp:0=GxPtr64 strcmp:1=SPtr64 strcmp:0=GxPtr64 strcmp:1=SPtr64 strcmp:0=GxPtr64 strcmp:1=SPtr64 strcmp:0=GxPtr64 strcmp:1=SPtr64 strcmp:0=GxPtr64 strcmp:1=SPtr64 strcmp:0=GxPtr64 strcmp:1=SPtr64 strcmp:0=HPtr64 strcmp:1=SPtr64 strcmp:0=HPtr64 strcmp:1=SPtr64 strcmp:0=HPtr64 strcmp:1=SPtr64 strcmp:0=HPtr64 strcmp:1=SPtr64 strcmp:0=HPtr64 strcmp:1=SPtr64 malloc:0=Num64B8 malloc:0=Num64B8 open:0=SPtr64 open:1=Num64B0 open:2=Top64 free:0=HPtr64 exit:0=Num64B8 free:0=HPtr64 free:0=HPtr64 free:0=HPtr64 free:0=HPtr64 free:0=HPtr64 free:0=HPtr64 free:0=HPtr64 free:0=HPtr64 free:0=HPtr64 free:0=HPtr64 free:0=HPtr64 free:0=HPtr64 free:0=HPtr64 free:0=HPtr64 free:0=HPtr64 free:0=HPtr64 free:0=HPtr64 free:0=HPtr64 free:0=HPtr64 free:0=HPtr64 free:0=HPtr64 free:0=HPtr64 free:0=HPtr64 free:0=HPtr64 free:0=HPtr64 free:0=HPtr64 free:0=HPtr64 free:0=HPtr64 free:0=HPtr64 free:0=HPtr64 exited=1 
/usr/local/bin/jasper:/usr/local/bin/jasper	strrchr:0=SPtr64 strrchr:1=Num64B8 strlen:0=GxPtr64 malloc:0=Num64B8 strcpy:0=HPtr64 strcpy:1=GxPtr64 strlen:0=GxPtr64 malloc:0=Num64B8 strcpy:0=HPtr64 strcpy:1=GxPtr64 strlen:0=GxPtr64 malloc:0=Num64B8 strcpy:0=HPtr64 strcpy:1=GxPtr64 strlen:0=GxPtr64 malloc:0=Num64B8 strcpy:0=HPtr64 strcpy:1=GxPtr64 strlen:0=GxPtr64 malloc:0=Num64B8 strcpy:0=HPtr64 strcpy:1=GxPtr64 strlen:0=GxPtr64 malloc:0=Num64B8 strcpy:0=HPtr64 strcpy:1=GxPtr64 strlen:0=GxPtr64 malloc:0=Num64B8 strcpy:0=HPtr64 strcpy:1=GxPtr64 strlen:0=GxPtr64 malloc:0=Num64B8 strcpy:0=HPtr64 strcpy:1=GxPtr64 strlen:0=GxPtr64 malloc:0=Num64B8 strcpy:0=HPtr64 strcpy:1=GxPtr64 strlen:0=GxPtr64 malloc:0=Num64B8 strcpy:0=HPtr64 strcpy:1=GxPtr64 strlen:0=GxPtr64 malloc:0=Num64B8 strcpy:0=HPtr64 strcpy:1=GxPtr64 strlen:0=GxPtr64 malloc:0=Num64B8 strcpy:0=HPtr64 strcpy:1=GxPtr64 strlen:0=GxPtr64 malloc:0=Num64B8 strcpy:0=HPtr64 strcpy:1=GxPtr64 strlen:0=GxPtr64 malloc:0=Num64B8 strcpy:0=HPtr64 strcpy:1=GxPtr64 strlen:0=GxPtr64 malloc:0=Num64B8 strcpy:0=HPtr64 strcpy:1=GxPtr64 strlen:0=GxPtr64 malloc:0=Num64B8 strcpy:0=HPtr64 strcpy:1=GxPtr64 strlen:0=GxPtr64 malloc:0=Num64B8 strcpy:0=HPtr64 strcpy:1=GxPtr64 strlen:0=GxPtr64 malloc:0=Num64B8 strcpy:0=HPtr64 strcpy:1=GxPtr64 strlen:0=GxPtr64 malloc:0=Num64B8 strcpy:0=HPtr64 strcpy:1=GxPtr64 strlen:0=GxPtr64 malloc:0=Num64B8 strcpy:0=HPtr64 strcpy:1=GxPtr64 strlen:0=GxPtr64 malloc:0=Num64B8 strcpy:0=HPtr64 strcpy:1=GxPtr64 strlen:0=GxPtr64 malloc:0=Num64B8 strcpy:0=HPtr64 strcpy:1=GxPtr64 strlen:0=GxPtr64 malloc:0=Num64B8 strcpy:0=HPtr64 strcpy:1=GxPtr64 strlen:0=GxPtr64 malloc:0=Num64B8 strcpy:0=HPtr64 strcpy:1=GxPtr64 strlen:0=GxPtr64 malloc:0=Num64B8 strcpy:0=HPtr64 strcpy:1=GxPtr64 strlen:0=GxPtr64 malloc:0=Num64B8 strcpy:0=HPtr64 strcpy:1=GxPtr64 strlen:0=GxPtr64 malloc:0=Num64B8 strcpy:0=HPtr64 strcpy:1=GxPtr64 strlen:0=GxPtr64 malloc:0=Num64B8 strcpy:0=HPtr64 strcpy:1=GxPtr64 strlen:0=GxPtr64 malloc:0=Num64B8 strcpy:0=HPtr64 strcpy:1=GxPtr64 strlen:0=GxPtr64 malloc:0=Num64B8 strcpy:0=HPtr64 strcpy:1=GxPtr64 malloc:0=Num64B16 strcmp:0=GxPtr64 strcmp:1=SPtr64 strcmp:0=GxPtr64 strcmp:1=SPtr64 strcmp:0=GxPtr64 strcmp:1=SPtr64 strcmp:0=GxPtr64 strcmp:1=SPtr64 strcmp:0=GxPtr64 strcmp:1=SPtr64 strcmp:0=GxPtr64 strcmp:1=SPtr64 strcmp:0=GxPtr64 strcmp:1=SPtr64 strcmp:0=GxPtr64 strcmp:1=SPtr64 strcmp:0=GxPtr64 strcmp:1=SPtr64 strcmp:0=GxPtr64 strcmp:1=SPtr64 strcmp:0=GxPtr64 strcmp:1=SPtr64 strcmp:0=GxPtr64 strcmp:1=SPtr64 strcmp:0=GxPtr64 strcmp:1=SPtr64 strcmp:0=GxPtr64 strcmp:1=SPtr64 strcmp:0=HPtr64 strcmp:1=SPtr64 strcmp:0=HPtr64 strcmp:1=SPtr64 strcmp:0=HPtr64 strcmp:1=SPtr64 strcmp:0=HPtr64 strcmp:1=SPtr64 strcmp:0=HPtr64 strcmp:1=SPtr64 malloc:0=Num64B8 malloc:0=Num64B8 open:0=SPtr64 open:1=Num64B0 open:2=Top64 free:0=HPtr64 exit:0=Num64B8 free:0=HPtr64 free:0=HPtr64 free:0=HPtr64 free:0=HPtr64 free:0=HPtr64 free:0=HPtr64 free:0=HPtr64 free:0=HPtr64 free:0=HPtr64 free:0=HPtr64 free:0=HPtr64 free:0=HPtr64 free:0=HPtr64 free:0=HPtr64 free:0=HPtr64 free:0=HPtr64 free:0=HPtr64 free:0=HPtr64 free:0=HPtr64 free:0=HPtr64 free:0=HPtr64 free:0=HPtr64 free:0=HPtr64 free:0=HPtr64 free:0=HPtr64 free:0=HPtr64 free:0=HPtr64 free:0=HPtr64 free:0=HPtr64 free:0=HPtr64 exited=1 
/usr/local/bin/jasper:/usr/local/bin/jasper	strrchr:0=SPtr64 strrchr:1=Num64B8 strlen:0=GxPtr64 malloc:0=Num64B8 strcpy:0=HPtr64 strcpy:1=GxPtr64 strlen:0=GxPtr64 malloc:0=Num64B8 strcpy:0=HPtr64 strcpy:1=GxPtr64 strlen:0=GxPtr64 malloc:0=Num64B8 strcpy:0=HPtr64 strcpy:1=GxPtr64 strlen:0=GxPtr64 malloc:0=Num64B8 strcpy:0=HPtr64 strcpy:1=GxPtr64 strlen:0=GxPtr64 malloc:0=Num64B8 strcpy:0=HPtr64 strcpy:1=GxPtr64 strlen:0=GxPtr64 malloc:0=Num64B8 strcpy:0=HPtr64 strcpy:1=GxPtr64 strlen:0=GxPtr64 malloc:0=Num64B8 strcpy:0=HPtr64 strcpy:1=GxPtr64 strlen:0=GxPtr64 malloc:0=Num64B8 strcpy:0=HPtr64 strcpy:1=GxPtr64 strlen:0=GxPtr64 malloc:0=Num64B8 strcpy:0=HPtr64 strcpy:1=GxPtr64 strlen:0=GxPtr64 malloc:0=Num64B8 strcpy:0=HPtr64 strcpy:1=GxPtr64 strlen:0=GxPtr64 malloc:0=Num64B8 strcpy:0=HPtr64 strcpy:1=GxPtr64 strlen:0=GxPtr64 malloc:0=Num64B8 strcpy:0=HPtr64 strcpy:1=GxPtr64 strlen:0=GxPtr64 malloc:0=Num64B8 strcpy:0=HPtr64 strcpy:1=GxPtr64 strlen:0=GxPtr64 malloc:0=Num64B8 strcpy:0=HPtr64 strcpy:1=GxPtr64 strlen:0=GxPtr64 malloc:0=Num64B8 strcpy:0=HPtr64 strcpy:1=GxPtr64 strlen:0=GxPtr64 malloc:0=Num64B8 strcpy:0=HPtr64 strcpy:1=GxPtr64 strlen:0=GxPtr64 malloc:0=Num64B8 strcpy:0=HPtr64 strcpy:1=GxPtr64 strlen:0=GxPtr64 malloc:0=Num64B8 strcpy:0=HPtr64 strcpy:1=GxPtr64 strlen:0=GxPtr64 malloc:0=Num64B8 strcpy:0=HPtr64 strcpy:1=GxPtr64 strlen:0=GxPtr64 malloc:0=Num64B8 strcpy:0=HPtr64 strcpy:1=GxPtr64 strlen:0=GxPtr64 malloc:0=Num64B8 strcpy:0=HPtr64 strcpy:1=GxPtr64 strlen:0=GxPtr64 malloc:0=Num64B8 strcpy:0=HPtr64 strcpy:1=GxPtr64 strlen:0=GxPtr64 malloc:0=Num64B8 strcpy:0=HPtr64 strcpy:1=GxPtr64 strlen:0=GxPtr64 malloc:0=Num64B8 strcpy:0=HPtr64 strcpy:1=GxPtr64 strlen:0=GxPtr64 malloc:0=Num64B8 strcpy:0=HPtr64 strcpy:1=GxPtr64 strlen:0=GxPtr64 malloc:0=Num64B8 strcpy:0=HPtr64 strcpy:1=GxPtr64 strlen:0=GxPtr64 malloc:0=Num64B8 strcpy:0=HPtr64 strcpy:1=GxPtr64 strlen:0=GxPtr64 malloc:0=Num64B8 strcpy:0=HPtr64 strcpy:1=GxPtr64 strlen:0=GxPtr64 malloc:0=Num64B8 strcpy:0=HPtr64 strcpy:1=GxPtr64 strlen:0=GxPtr64 malloc:0=Num64B8 strcpy:0=HPtr64 strcpy:1=GxPtr64 malloc:0=Num64B16 strcmp:0=GxPtr64 strcmp:1=SPtr64 strcmp:0=GxPtr64 strcmp:1=SPtr64 strcmp:0=GxPtr64 strcmp:1=SPtr64 strcmp:0=GxPtr64 strcmp:1=SPtr64 strcmp:0=GxPtr64 strcmp:1=SPtr64 strcmp:0=GxPtr64 strcmp:1=SPtr64 strcmp:0=GxPtr64 strcmp:1=SPtr64 strcmp:0=GxPtr64 strcmp:1=SPtr64 strcmp:0=GxPtr64 strcmp:1=SPtr64 strcmp:0=GxPtr64 strcmp:1=SPtr64 strcmp:0=GxPtr64 strcmp:1=SPtr64 strcmp:0=GxPtr64 strcmp:1=SPtr64 strcmp:0=GxPtr64 strcmp:1=SPtr64 strcmp:0=GxPtr64 strcmp:1=SPtr64 strcmp:0=HPtr64 strcmp:1=SPtr64 strcmp:0=HPtr64 strcmp:1=SPtr64 strcmp:0=HPtr64 strcmp:1=SPtr64 strcmp:0=HPtr64 strcmp:1=SPtr64 strcmp:0=HPtr64 strcmp:1=SPtr64 malloc:0=Num64B8 malloc:0=Num64B8 open:0=SPtr64 open:1=Num64B0 open:2=Top64 free:0=HPtr64 exit:0=Num64B8 free:0=HPtr64 free:0=HPtr64 free:0=HPtr64 free:0=HPtr64 free:0=HPtr64 free:0=HPtr64 free:0=HPtr64 free:0=HPtr64 free:0=HPtr64 free:0=HPtr64 free:0=HPtr64 free:0=HPtr64 free:0=HPtr64 free:0=HPtr64 free:0=HPtr64 free:0=HPtr64 free:0=HPtr64 free:0=HPtr64 free:0=HPtr64 free:0=HPtr64 free:0=HPtr64 free:0=HPtr64 free:0=HPtr64 free:0=HPtr64 free:0=HPtr64 free:0=HPtr64 free:0=HPtr64 free:0=HPtr64 free:0=HPtr64 free:0=HPtr64 exited=1 
/usr/local/bin/jasper:/usr/local/bin/jasper	strrchr:0=SPtr64 strrchr:1=Num64B8 strlen:0=GxPtr64 malloc:0=Num64B8 strcpy:0=HPtr64 strcpy:1=GxPtr64 strlen:0=GxPtr64 malloc:0=Num64B8 strcpy:0=HPtr64 strcpy:1=GxPtr64 strlen:0=GxPtr64 malloc:0=Num64B8 strcpy:0=HPtr64 strcpy:1=GxPtr64 strlen:0=GxPtr64 malloc:0=Num64B8 strcpy:0=HPtr64 strcpy:1=GxPtr64 strlen:0=GxPtr64 malloc:0=Num64B8 strcpy:0=HPtr64 strcpy:1=GxPtr64 strlen:0=GxPtr64 malloc:0=Num64B8 strcpy:0=HPtr64 strcpy:1=GxPtr64 strlen:0=GxPtr64 malloc:0=Num64B8 strcpy:0=HPtr64 strcpy:1=GxPtr64 strlen:0=GxPtr64 malloc:0=Num64B8 strcpy:0=HPtr64 strcpy:1=GxPtr64 strlen:0=GxPtr64 malloc:0=Num64B8 strcpy:0=HPtr64 strcpy:1=GxPtr64 strlen:0=GxPtr64 malloc:0=Num64B8 strcpy:0=HPtr64 strcpy:1=GxPtr64 strlen:0=GxPtr64 malloc:0=Num64B8 strcpy:0=HPtr64 strcpy:1=GxPtr64 strlen:0=GxPtr64 malloc:0=Num64B8 strcpy:0=HPtr64 strcpy:1=GxPtr64 strlen:0=GxPtr64 malloc:0=Num64B8 strcpy:0=HPtr64 strcpy:1=GxPtr64 strlen:0=GxPtr64 malloc:0=Num64B8 strcpy:0=HPtr64 strcpy:1=GxPtr64 strlen:0=GxPtr64 malloc:0=Num64B8 strcpy:0=HPtr64 strcpy:1=GxPtr64 strlen:0=GxPtr64 malloc:0=Num64B8 strcpy:0=HPtr64 strcpy:1=GxPtr64 strlen:0=GxPtr64 malloc:0=Num64B8 strcpy:0=HPtr64 strcpy:1=GxPtr64 strlen:0=GxPtr64 malloc:0=Num64B8 strcpy:0=HPtr64 strcpy:1=GxPtr64 strlen:0=GxPtr64 malloc:0=Num64B8 strcpy:0=HPtr64 strcpy:1=GxPtr64 strlen:0=GxPtr64 malloc:0=Num64B8 strcpy:0=HPtr64 strcpy:1=GxPtr64 strlen:0=GxPtr64 malloc:0=Num64B8 strcpy:0=HPtr64 strcpy:1=GxPtr64 strlen:0=GxPtr64 malloc:0=Num64B8 strcpy:0=HPtr64 strcpy:1=GxPtr64 strlen:0=GxPtr64 malloc:0=Num64B8 strcpy:0=HPtr64 strcpy:1=GxPtr64 strlen:0=GxPtr64 malloc:0=Num64B8 strcpy:0=HPtr64 strcpy:1=GxPtr64 strlen:0=GxPtr64 malloc:0=Num64B8 strcpy:0=HPtr64 strcpy:1=GxPtr64 strlen:0=GxPtr64 malloc:0=Num64B8 strcpy:0=HPtr64 strcpy:1=GxPtr64 strlen:0=GxPtr64 malloc:0=Num64B8 strcpy:0=HPtr64 strcpy:1=GxPtr64 strlen:0=GxPtr64 malloc:0=Num64B8 strcpy:0=HPtr64 strcpy:1=GxPtr64 strlen:0=GxPtr64 malloc:0=Num64B8 strcpy:0=HPtr64 strcpy:1=GxPtr64 strlen:0=GxPtr64 malloc:0=Num64B8 strcpy:0=HPtr64 strcpy:1=GxPtr64 malloc:0=Num64B16 strcmp:0=GxPtr64 strcmp:1=SPtr64 strcmp:0=GxPtr64 strcmp:1=SPtr64 strcmp:0=GxPtr64 strcmp:1=SPtr64 strcmp:0=GxPtr64 strcmp:1=SPtr64 strcmp:0=GxPtr64 strcmp:1=SPtr64 strcmp:0=GxPtr64 strcmp:1=SPtr64 strcmp:0=GxPtr64 strcmp:1=SPtr64 strcmp:0=GxPtr64 strcmp:1=SPtr64 strcmp:0=GxPtr64 strcmp:1=SPtr64 strcmp:0=GxPtr64 strcmp:1=SPtr64 strcmp:0=GxPtr64 strcmp:1=SPtr64 strcmp:0=GxPtr64 strcmp:1=SPtr64 strcmp:0=GxPtr64 strcmp:1=SPtr64 strcmp:0=GxPtr64 strcmp:1=SPtr64 strcmp:0=HPtr64 strcmp:1=SPtr64 strcmp:0=HPtr64 strcmp:1=SPtr64 strcmp:0=HPtr64 strcmp:1=SPtr64 strcmp:0=HPtr64 strcmp:1=SPtr64 strcmp:0=HPtr64 strcmp:1=SPtr64 malloc:0=Num64B8 malloc:0=Num64B8 open:0=SPtr64 open:1=Num64B0 open:2=Top64 free:0=HPtr64 exit:0=Num64B8 free:0=HPtr64 free:0=HPtr64 free:0=HPtr64 free:0=HPtr64 free:0=HPtr64 free:0=HPtr64 free:0=HPtr64 free:0=HPtr64 free:0=HPtr64 free:0=HPtr64 free:0=HPtr64 free:0=HPtr64 free:0=HPtr64 free:0=HPtr64 free:0=HPtr64 free:0=HPtr64 free:0=HPtr64 free:0=HPtr64 free:0=HPtr64 free:0=HPtr64 free:0=HPtr64 free:0=HPtr64 free:0=HPtr64 free:0=HPtr64 free:0=HPtr64 free:0=HPtr64 free:0=HPtr64 free:0=HPtr64 free:0=HPtr64 free:0=HPtr64 exited=1 
/usr/local/bin/jasper:/usr/local/bin/jasper	strrchr:0=SPtr64 strrchr:1=Num64B8 strlen:0=GxPtr64 malloc:0=Num64B8 strcpy:0=HPtr64 strcpy:1=GxPtr64 strlen:0=GxPtr64 malloc:0=Num64B8 strcpy:0=HPtr64 strcpy:1=GxPtr64 strlen:0=GxPtr64 malloc:0=Num64B8 strcpy:0=HPtr64 strcpy:1=GxPtr64 strlen:0=GxPtr64 malloc:0=Num64B8 strcpy:0=HPtr64 strcpy:1=GxPtr64 strlen:0=GxPtr64 malloc:0=Num64B8 strcpy:0=HPtr64 strcpy:1=GxPtr64 strlen:0=GxPtr64 malloc:0=Num64B8 strcpy:0=HPtr64 strcpy:1=GxPtr64 strlen:0=GxPtr64 malloc:0=Num64B8 strcpy:0=HPtr64 strcpy:1=GxPtr64 strlen:0=GxPtr64 malloc:0=Num64B8 strcpy:0=HPtr64 strcpy:1=GxPtr64 strlen:0=GxPtr64 malloc:0=Num64B8 strcpy:0=HPtr64 strcpy:1=GxPtr64 strlen:0=GxPtr64 malloc:0=Num64B8 strcpy:0=HPtr64 strcpy:1=GxPtr64 strlen:0=GxPtr64 malloc:0=Num64B8 strcpy:0=HPtr64 strcpy:1=GxPtr64 strlen:0=GxPtr64 malloc:0=Num64B8 strcpy:0=HPtr64 strcpy:1=GxPtr64 strlen:0=GxPtr64 malloc:0=Num64B8 strcpy:0=HPtr64 strcpy:1=GxPtr64 strlen:0=GxPtr64 malloc:0=Num64B8 strcpy:0=HPtr64 strcpy:1=GxPtr64 strlen:0=GxPtr64 malloc:0=Num64B8 strcpy:0=HPtr64 strcpy:1=GxPtr64 strlen:0=GxPtr64 malloc:0=Num64B8 strcpy:0=HPtr64 strcpy:1=GxPtr64 strlen:0=GxPtr64 malloc:0=Num64B8 strcpy:0=HPtr64 strcpy:1=GxPtr64 strlen:0=GxPtr64 malloc:0=Num64B8 strcpy:0=HPtr64 strcpy:1=GxPtr64 strlen:0=GxPtr64 malloc:0=Num64B8 strcpy:0=HPtr64 strcpy:1=GxPtr64 strlen:0=GxPtr64 malloc:0=Num64B8 strcpy:0=HPtr64 strcpy:1=GxPtr64 strlen:0=GxPtr64 malloc:0=Num64B8 strcpy:0=HPtr64 strcpy:1=GxPtr64 strlen:0=GxPtr64 malloc:0=Num64B8 strcpy:0=HPtr64 strcpy:1=GxPtr64 strlen:0=GxPtr64 malloc:0=Num64B8 strcpy:0=HPtr64 strcpy:1=GxPtr64 strlen:0=GxPtr64 malloc:0=Num64B8 strcpy:0=HPtr64 strcpy:1=GxPtr64 strlen:0=GxPtr64 malloc:0=Num64B8 strcpy:0=HPtr64 strcpy:1=GxPtr64 strlen:0=GxPtr64 malloc:0=Num64B8 strcpy:0=HPtr64 strcpy:1=GxPtr64 strlen:0=GxPtr64 malloc:0=Num64B8 strcpy:0=HPtr64 strcpy:1=GxPtr64 strlen:0=GxPtr64 malloc:0=Num64B8 strcpy:0=HPtr64 strcpy:1=GxPtr64 strlen:0=GxPtr64 malloc:0=Num64B8 strcpy:0=HPtr64 strcpy:1=GxPtr64 strlen:0=GxPtr64 malloc:0=Num64B8 strcpy:0=HPtr64 strcpy:1=GxPtr64 malloc:0=Num64B16 strcmp:0=GxPtr64 strcmp:1=SPtr64 strcmp:0=GxPtr64 strcmp:1=SPtr64 strcmp:0=GxPtr64 strcmp:1=SPtr64 strcmp:0=GxPtr64 strcmp:1=SPtr64 strcmp:0=GxPtr64 strcmp:1=SPtr64 strcmp:0=GxPtr64 strcmp:1=SPtr64 strcmp:0=GxPtr64 strcmp:1=SPtr64 strcmp:0=GxPtr64 strcmp:1=SPtr64 strcmp:0=GxPtr64 strcmp:1=SPtr64 strcmp:0=GxPtr64 strcmp:1=SPtr64 strcmp:0=GxPtr64 strcmp:1=SPtr64 strcmp:0=GxPtr64 strcmp:1=SPtr64 strcmp:0=GxPtr64 strcmp:1=SPtr64 strcmp:0=GxPtr64 strcmp:1=SPtr64 strcmp:0=HPtr64 strcmp:1=SPtr64 strcmp:0=HPtr64 strcmp:1=SPtr64 strcmp:0=HPtr64 strcmp:1=SPtr64 strcmp:0=HPtr64 strcmp:1=SPtr64 strcmp:0=HPtr64 strcmp:1=SPtr64 malloc:0=Num64B8 malloc:0=Num64B8 open:0=SPtr64 open:1=Num64B0 open:2=Top64 free:0=HPtr64 exit:0=Num64B8 free:0=HPtr64 free:0=HPtr64 free:0=HPtr64 free:0=HPtr64 free:0=HPtr64 free:0=HPtr64 free:0=HPtr64 free:0=HPtr64 free:0=HPtr64 free:0=HPtr64 free:0=HPtr64 free:0=HPtr64 free:0=HPtr64 free:0=HPtr64 free:0=HPtr64 free:0=HPtr64 free:0=HPtr64 free:0=HPtr64 free:0=HPtr64 free:0=HPtr64 free:0=HPtr64 free:0=HPtr64 free:0=HPtr64 free:0=HPtr64 free:0=HPtr64 free:0=HPtr64 free:0=HPtr64 free:0=HPtr64 free:0=HPtr64 free:0=HPtr64 exited=1 
/usr/local/bin/jasper:/usr/local/bin/jasper	strrchr:0=SPtr64 strrchr:1=Num64B8 strlen:0=GxPtr64 malloc:0=Num64B8 strcpy:0=HPtr64 strcpy:1=GxPtr64 strlen:0=GxPtr64 malloc:0=Num64B8 strcpy:0=HPtr64 strcpy:1=GxPtr64 strlen:0=GxPtr64 malloc:0=Num64B8 strcpy:0=HPtr64 strcpy:1=GxPtr64 strlen:0=GxPtr64 malloc:0=Num64B8 strcpy:0=HPtr64 strcpy:1=GxPtr64 strlen:0=GxPtr64 malloc:0=Num64B8 strcpy:0=HPtr64 strcpy:1=GxPtr64 strlen:0=GxPtr64 malloc:0=Num64B8 strcpy:0=HPtr64 strcpy:1=GxPtr64 strlen:0=GxPtr64 malloc:0=Num64B8 strcpy:0=HPtr64 strcpy:1=GxPtr64 strlen:0=GxPtr64 malloc:0=Num64B8 strcpy:0=HPtr64 strcpy:1=GxPtr64 strlen:0=GxPtr64 malloc:0=Num64B8 strcpy:0=HPtr64 strcpy:1=GxPtr64 strlen:0=GxPtr64 malloc:0=Num64B8 strcpy:0=HPtr64 strcpy:1=GxPtr64 strlen:0=GxPtr64 malloc:0=Num64B8 strcpy:0=HPtr64 strcpy:1=GxPtr64 strlen:0=GxPtr64 malloc:0=Num64B8 strcpy:0=HPtr64 strcpy:1=GxPtr64 strlen:0=GxPtr64 malloc:0=Num64B8 strcpy:0=HPtr64 strcpy:1=GxPtr64 strlen:0=GxPtr64 malloc:0=Num64B8 strcpy:0=HPtr64 strcpy:1=GxPtr64 strlen:0=GxPtr64 malloc:0=Num64B8 strcpy:0=HPtr64 strcpy:1=GxPtr64 strlen:0=GxPtr64 malloc:0=Num64B8 strcpy:0=HPtr64 strcpy:1=GxPtr64 strlen:0=GxPtr64 malloc:0=Num64B8 strcpy:0=HPtr64 strcpy:1=GxPtr64 strlen:0=GxPtr64 malloc:0=Num64B8 strcpy:0=HPtr64 strcpy:1=GxPtr64 strlen:0=GxPtr64 malloc:0=Num64B8 strcpy:0=HPtr64 strcpy:1=GxPtr64 strlen:0=GxPtr64 malloc:0=Num64B8 strcpy:0=HPtr64 strcpy:1=GxPtr64 strlen:0=GxPtr64 malloc:0=Num64B8 strcpy:0=HPtr64 strcpy:1=GxPtr64 strlen:0=GxPtr64 malloc:0=Num64B8 strcpy:0=HPtr64 strcpy:1=GxPtr64 strlen:0=GxPtr64 malloc:0=Num64B8 strcpy:0=HPtr64 strcpy:1=GxPtr64 strlen:0=GxPtr64 malloc:0=Num64B8 strcpy:0=HPtr64 strcpy:1=GxPtr64 strlen:0=GxPtr64 malloc:0=Num64B8 strcpy:0=HPtr64 strcpy:1=GxPtr64 strlen:0=GxPtr64 malloc:0=Num64B8 strcpy:0=HPtr64 strcpy:1=GxPtr64 strlen:0=GxPtr64 malloc:0=Num64B8 strcpy:0=HPtr64 strcpy:1=GxPtr64 strlen:0=GxPtr64 malloc:0=Num64B8 strcpy:0=HPtr64 strcpy:1=GxPtr64 strlen:0=GxPtr64 malloc:0=Num64B8 strcpy:0=HPtr64 strcpy:1=GxPtr64 strlen:0=GxPtr64 malloc:0=Num64B8 strcpy:0=HPtr64 strcpy:1=GxPtr64 malloc:0=Num64B16 strcmp:0=GxPtr64 strcmp:1=SPtr64 strcmp:0=GxPtr64 strcmp:1=SPtr64 strcmp:0=GxPtr64 strcmp:1=SPtr64 strcmp:0=GxPtr64 strcmp:1=SPtr64 strcmp:0=GxPtr64 strcmp:1=SPtr64 strcmp:0=GxPtr64 strcmp:1=SPtr64 strcmp:0=GxPtr64 strcmp:1=SPtr64 strcmp:0=GxPtr64 strcmp:1=SPtr64 strcmp:0=GxPtr64 strcmp:1=SPtr64 strcmp:0=GxPtr64 strcmp:1=SPtr64 strcmp:0=GxPtr64 strcmp:1=SPtr64 strcmp:0=GxPtr64 strcmp:1=SPtr64 strcmp:0=GxPtr64 strcmp:1=SPtr64 strcmp:0=GxPtr64 strcmp:1=SPtr64 strcmp:0=HPtr64 strcmp:1=SPtr64 strcmp:0=HPtr64 strcmp:1=SPtr64 strcmp:0=HPtr64 strcmp:1=SPtr64 strcmp:0=HPtr64 strcmp:1=SPtr64 strcmp:0=HPtr64 strcmp:1=SPtr64 malloc:0=Num64B8 malloc:0=Num64B8 open:0=SPtr64 open:1=Num64B0 open:2=Top64 free:0=HPtr64 exit:0=Num64B8 free:0=HPtr64 free:0=HPtr64 free:0=HPtr64 free:0=HPtr64 free:0=HPtr64 free:0=HPtr64 free:0=HPtr64 free:0=HPtr64 free:0=HPtr64 free:0=HPtr64 free:0=HPtr64 free:0=HPtr64 free:0=HPtr64 free:0=HPtr64 free:0=HPtr64 free:0=HPtr64 free:0=HPtr64 free:0=HPtr64 free:0=HPtr64 free:0=HPtr64 free:0=HPtr64 free:0=HPtr64 free:0=HPtr64 free:0=HPtr64 free:0=HPtr64 free:0=HPtr64 free:0=HPtr64 free:0=HPtr64 free:0=HPtr64 free:0=HPtr64 exited=1 
/usr/local/bin/jasper:/usr/local/bin/jasper	strrchr:0=SPtr64 strrchr:1=Num64B8 strlen:0=GxPtr64 malloc:0=Num64B8 strcpy:0=HPtr64 strcpy:1=GxPtr64 strlen:0=GxPtr64 malloc:0=Num64B8 strcpy:0=HPtr64 strcpy:1=GxPtr64 strlen:0=GxPtr64 malloc:0=Num64B8 strcpy:0=HPtr64 strcpy:1=GxPtr64 strlen:0=GxPtr64 malloc:0=Num64B8 strcpy:0=HPtr64 strcpy:1=GxPtr64 strlen:0=GxPtr64 malloc:0=Num64B8 strcpy:0=HPtr64 strcpy:1=GxPtr64 strlen:0=GxPtr64 malloc:0=Num64B8 strcpy:0=HPtr64 strcpy:1=GxPtr64 strlen:0=GxPtr64 malloc:0=Num64B8 strcpy:0=HPtr64 strcpy:1=GxPtr64 strlen:0=GxPtr64 malloc:0=Num64B8 strcpy:0=HPtr64 strcpy:1=GxPtr64 strlen:0=GxPtr64 malloc:0=Num64B8 strcpy:0=HPtr64 strcpy:1=GxPtr64 strlen:0=GxPtr64 malloc:0=Num64B8 strcpy:0=HPtr64 strcpy:1=GxPtr64 strlen:0=GxPtr64 malloc:0=Num64B8 strcpy:0=HPtr64 strcpy:1=GxPtr64 strlen:0=GxPtr64 malloc:0=Num64B8 strcpy:0=HPtr64 strcpy:1=GxPtr64 strlen:0=GxPtr64 malloc:0=Num64B8 strcpy:0=HPtr64 strcpy:1=GxPtr64 strlen:0=GxPtr64 malloc:0=Num64B8 strcpy:0=HPtr64 strcpy:1=GxPtr64 strlen:0=GxPtr64 malloc:0=Num64B8 strcpy:0=HPtr64 strcpy:1=GxPtr64 strlen:0=GxPtr64 malloc:0=Num64B8 strcpy:0=HPtr64 strcpy:1=GxPtr64 strlen:0=GxPtr64 malloc:0=Num64B8 strcpy:0=HPtr64 strcpy:1=GxPtr64 strlen:0=GxPtr64 malloc:0=Num64B8 strcpy:0=HPtr64 strcpy:1=GxPtr64 strlen:0=GxPtr64 malloc:0=Num64B8 strcpy:0=HPtr64 strcpy:1=GxPtr64 strlen:0=GxPtr64 malloc:0=Num64B8 strcpy:0=HPtr64 strcpy:1=GxPtr64 strlen:0=GxPtr64 malloc:0=Num64B8 strcpy:0=HPtr64 strcpy:1=GxPtr64 strlen:0=GxPtr64 malloc:0=Num64B8 strcpy:0=HPtr64 strcpy:1=GxPtr64 strlen:0=GxPtr64 malloc:0=Num64B8 strcpy:0=HPtr64 strcpy:1=GxPtr64 strlen:0=GxPtr64 malloc:0=Num64B8 strcpy:0=HPtr64 strcpy:1=GxPtr64 strlen:0=GxPtr64 malloc:0=Num64B8 strcpy:0=HPtr64 strcpy:1=GxPtr64 strlen:0=GxPtr64 malloc:0=Num64B8 strcpy:0=HPtr64 strcpy:1=GxPtr64 strlen:0=GxPtr64 malloc:0=Num64B8 strcpy:0=HPtr64 strcpy:1=GxPtr64 strlen:0=GxPtr64 malloc:0=Num64B8 strcpy:0=HPtr64 strcpy:1=GxPtr64 strlen:0=GxPtr64 malloc:0=Num64B8 strcpy:0=HPtr64 strcpy:1=GxPtr64 strlen:0=GxPtr64 malloc:0=Num64B8 strcpy:0=HPtr64 strcpy:1=GxPtr64 malloc:0=Num64B16 strcmp:0=GxPtr64 strcmp:1=SPtr64 strcmp:0=GxPtr64 strcmp:1=SPtr64 strcmp:0=GxPtr64 strcmp:1=SPtr64 strcmp:0=GxPtr64 strcmp:1=SPtr64 strcmp:0=GxPtr64 strcmp:1=SPtr64 strcmp:0=GxPtr64 strcmp:1=SPtr64 strcmp:0=GxPtr64 strcmp:1=SPtr64 strcmp:0=GxPtr64 strcmp:1=SPtr64 strcmp:0=GxPtr64 strcmp:1=SPtr64 strcmp:0=GxPtr64 strcmp:1=SPtr64 strcmp:0=GxPtr64 strcmp:1=SPtr64 strcmp:0=GxPtr64 strcmp:1=SPtr64 strcmp:0=GxPtr64 strcmp:1=SPtr64 strcmp:0=GxPtr64 strcmp:1=SPtr64 strcmp:0=HPtr64 strcmp:1=SPtr64 strcmp:0=HPtr64 strcmp:1=SPtr64 strcmp:0=HPtr64 strcmp:1=SPtr64 strcmp:0=HPtr64 strcmp:1=SPtr64 strcmp:0=HPtr64 strcmp:1=SPtr64 malloc:0=Num64B8 malloc:0=Num64B8 open:0=SPtr64 open:1=Num64B0 open:2=Top64 free:0=HPtr64 exit:0=Num64B8 free:0=HPtr64 free:0=HPtr64 free:0=HPtr64 free:0=HPtr64 free:0=HPtr64 free:0=HPtr64 free:0=HPtr64 free:0=HPtr64 free:0=HPtr64 free:0=HPtr64 free:0=HPtr64 free:0=HPtr64 free:0=HPtr64 free:0=HPtr64 free:0=HPtr64 free:0=HPtr64 free:0=HPtr64 free:0=HPtr64 free:0=HPtr64 free:0=HPtr64 free:0=HPtr64 free:0=HPtr64 free:0=HPtr64 free:0=HPtr64 free:0=HPtr64 free:0=HPtr64 free:0=HPtr64 free:0=HPtr64 free:0=HPtr64 free:0=HPtr64 exited=1 
/usr/local/bin/jasper:/usr/local/bin/jasper	strrchr:0=SPtr64 strrchr:1=Num64B8 strlen:0=GxPtr64 malloc:0=Num64B8 strcpy:0=HPtr64 strcpy:1=GxPtr64 strlen:0=GxPtr64 malloc:0=Num64B8 strcpy:0=HPtr64 strcpy:1=GxPtr64 strlen:0=GxPtr64 malloc:0=Num64B8 strcpy:0=HPtr64 strcpy:1=GxPtr64 strlen:0=GxPtr64 malloc:0=Num64B8 strcpy:0=HPtr64 strcpy:1=GxPtr64 strlen:0=GxPtr64 malloc:0=Num64B8 strcpy:0=HPtr64 strcpy:1=GxPtr64 strlen:0=GxPtr64 malloc:0=Num64B8 strcpy:0=HPtr64 strcpy:1=GxPtr64 strlen:0=GxPtr64 malloc:0=Num64B8 strcpy:0=HPtr64 strcpy:1=GxPtr64 strlen:0=GxPtr64 malloc:0=Num64B8 strcpy:0=HPtr64 strcpy:1=GxPtr64 strlen:0=GxPtr64 malloc:0=Num64B8 strcpy:0=HPtr64 strcpy:1=GxPtr64 strlen:0=GxPtr64 malloc:0=Num64B8 strcpy:0=HPtr64 strcpy:1=GxPtr64 strlen:0=GxPtr64 malloc:0=Num64B8 strcpy:0=HPtr64 strcpy:1=GxPtr64 strlen:0=GxPtr64 malloc:0=Num64B8 strcpy:0=HPtr64 strcpy:1=GxPtr64 strlen:0=GxPtr64 malloc:0=Num64B8 strcpy:0=HPtr64 strcpy:1=GxPtr64 strlen:0=GxPtr64 malloc:0=Num64B8 strcpy:0=HPtr64 strcpy:1=GxPtr64 strlen:0=GxPtr64 malloc:0=Num64B8 strcpy:0=HPtr64 strcpy:1=GxPtr64 strlen:0=GxPtr64 malloc:0=Num64B8 strcpy:0=HPtr64 strcpy:1=GxPtr64 strlen:0=GxPtr64 malloc:0=Num64B8 strcpy:0=HPtr64 strcpy:1=GxPtr64 strlen:0=GxPtr64 malloc:0=Num64B8 strcpy:0=HPtr64 strcpy:1=GxPtr64 strlen:0=GxPtr64 malloc:0=Num64B8 strcpy:0=HPtr64 strcpy:1=GxPtr64 strlen:0=GxPtr64 malloc:0=Num64B8 strcpy:0=HPtr64 strcpy:1=GxPtr64 strlen:0=GxPtr64 malloc:0=Num64B8 strcpy:0=HPtr64 strcpy:1=GxPtr64 strlen:0=GxPtr64 malloc:0=Num64B8 strcpy:0=HPtr64 strcpy:1=GxPtr64 strlen:0=GxPtr64 malloc:0=Num64B8 strcpy:0=HPtr64 strcpy:1=GxPtr64 strlen:0=GxPtr64 malloc:0=Num64B8 strcpy:0=HPtr64 strcpy:1=GxPtr64 strlen:0=GxPtr64 malloc:0=Num64B8 strcpy:0=HPtr64 strcpy:1=GxPtr64 strlen:0=GxPtr64 malloc:0=Num64B8 strcpy:0=HPtr64 strcpy:1=GxPtr64 strlen:0=GxPtr64 malloc:0=Num64B8 strcpy:0=HPtr64 strcpy:1=GxPtr64 strlen:0=GxPtr64 malloc:0=Num64B8 strcpy:0=HPtr64 strcpy:1=GxPtr64 strlen:0=GxPtr64 malloc:0=Num64B8 strcpy:0=HPtr64 strcpy:1=GxPtr64 strlen:0=GxPtr64 malloc:0=Num64B8 strcpy:0=HPtr64 strcpy:1=GxPtr64 malloc:0=Num64B16 strcmp:0=GxPtr64 strcmp:1=SPtr64 strcmp:0=GxPtr64 strcmp:1=SPtr64 strcmp:0=GxPtr64 strcmp:1=SPtr64 strcmp:0=GxPtr64 strcmp:1=SPtr64 strcmp:0=GxPtr64 strcmp:1=SPtr64 strcmp:0=GxPtr64 strcmp:1=SPtr64 strcmp:0=GxPtr64 strcmp:1=SPtr64 strcmp:0=GxPtr64 strcmp:1=SPtr64 strcmp:0=GxPtr64 strcmp:1=SPtr64 strcmp:0=GxPtr64 strcmp:1=SPtr64 strcmp:0=GxPtr64 strcmp:1=SPtr64 strcmp:0=GxPtr64 strcmp:1=SPtr64 strcmp:0=GxPtr64 strcmp:1=SPtr64 strcmp:0=GxPtr64 strcmp:1=SPtr64 strcmp:0=HPtr64 strcmp:1=SPtr64 strcmp:0=HPtr64 strcmp:1=SPtr64 strcmp:0=HPtr64 strcmp:1=SPtr64 strcmp:0=HPtr64 strcmp:1=SPtr64 strcmp:0=HPtr64 strcmp:1=SPtr64 malloc:0=Num64B8 malloc:0=Num64B8 open:0=SPtr64 open:1=Num64B0 open:2=Top64 free:0=HPtr64 exit:0=Num64B8 free:0=HPtr64 free:0=HPtr64 free:0=HPtr64 free:0=HPtr64 free:0=HPtr64 free:0=HPtr64 free:0=HPtr64 free:0=HPtr64 free:0=HPtr64 free:0=HPtr64 free:0=HPtr64 free:0=HPtr64 free:0=HPtr64 free:0=HPtr64 free:0=HPtr64 free:0=HPtr64 free:0=HPtr64 free:0=HPtr64 free:0=HPtr64 free:0=HPtr64 free:0=HPtr64 free:0=HPtr64 free:0=HPtr64 free:0=HPtr64 free:0=HPtr64 free:0=HPtr64 free:0=HPtr64 free:0=HPtr64 free:0=HPtr64 free:0=HPtr64 exited=1 
/usr/local/bin/jasper:/usr/local/bin/jasper	strrchr:0=SPtr64 strrchr:1=Num64B8 strlen:0=GxPtr64 malloc:0=Num64B8 strcpy:0=HPtr64 strcpy:1=GxPtr64 strlen:0=GxPtr64 malloc:0=Num64B8 strcpy:0=HPtr64 strcpy:1=GxPtr64 strlen:0=GxPtr64 malloc:0=Num64B8 strcpy:0=HPtr64 strcpy:1=GxPtr64 strlen:0=GxPtr64 malloc:0=Num64B8 strcpy:0=HPtr64 strcpy:1=GxPtr64 strlen:0=GxPtr64 malloc:0=Num64B8 strcpy:0=HPtr64 strcpy:1=GxPtr64 strlen:0=GxPtr64 malloc:0=Num64B8 strcpy:0=HPtr64 strcpy:1=GxPtr64 strlen:0=GxPtr64 malloc:0=Num64B8 strcpy:0=HPtr64 strcpy:1=GxPtr64 strlen:0=GxPtr64 malloc:0=Num64B8 strcpy:0=HPtr64 strcpy:1=GxPtr64 strlen:0=GxPtr64 malloc:0=Num64B8 strcpy:0=HPtr64 strcpy:1=GxPtr64 strlen:0=GxPtr64 malloc:0=Num64B8 strcpy:0=HPtr64 strcpy:1=GxPtr64 strlen:0=GxPtr64 malloc:0=Num64B8 strcpy:0=HPtr64 strcpy:1=GxPtr64 strlen:0=GxPtr64 malloc:0=Num64B8 strcpy:0=HPtr64 strcpy:1=GxPtr64 strlen:0=GxPtr64 malloc:0=Num64B8 strcpy:0=HPtr64 strcpy:1=GxPtr64 strlen:0=GxPtr64 malloc:0=Num64B8 strcpy:0=HPtr64 strcpy:1=GxPtr64 strlen:0=GxPtr64 malloc:0=Num64B8 strcpy:0=HPtr64 strcpy:1=GxPtr64 strlen:0=GxPtr64 malloc:0=Num64B8 strcpy:0=HPtr64 strcpy:1=GxPtr64 strlen:0=GxPtr64 malloc:0=Num64B8 strcpy:0=HPtr64 strcpy:1=GxPtr64 strlen:0=GxPtr64 malloc:0=Num64B8 strcpy:0=HPtr64 strcpy:1=GxPtr64 strlen:0=GxPtr64 malloc:0=Num64B8 strcpy:0=HPtr64 strcpy:1=GxPtr64 strlen:0=GxPtr64 malloc:0=Num64B8 strcpy:0=HPtr64 strcpy:1=GxPtr64 strlen:0=GxPtr64 malloc:0=Num64B8 strcpy:0=HPtr64 strcpy:1=GxPtr64 strlen:0=GxPtr64 malloc:0=Num64B8 strcpy:0=HPtr64 strcpy:1=GxPtr64 strlen:0=GxPtr64 malloc:0=Num64B8 strcpy:0=HPtr64 strcpy:1=GxPtr64 strlen:0=GxPtr64 malloc:0=Num64B8 strcpy:0=HPtr64 strcpy:1=GxPtr64 strlen:0=GxPtr64 malloc:0=Num64B8 strcpy:0=HPtr64 strcpy:1=GxPtr64 strlen:0=GxPtr64 malloc:0=Num64B8 strcpy:0=HPtr64 strcpy:1=GxPtr64 strlen:0=GxPtr64 malloc:0=Num64B8 strcpy:0=HPtr64 strcpy:1=GxPtr64 strlen:0=GxPtr64 malloc:0=Num64B8 strcpy:0=HPtr64 strcpy:1=GxPtr64 strlen:0=GxPtr64 malloc:0=Num64B8 strcpy:0=HPtr64 strcpy:1=GxPtr64 strlen:0=GxPtr64 malloc:0=Num64B8 strcpy:0=HPtr64 strcpy:1=GxPtr64 malloc:0=Num64B16 strcmp:0=GxPtr64 strcmp:1=SPtr64 strcmp:0=GxPtr64 strcmp:1=SPtr64 strcmp:0=GxPtr64 strcmp:1=SPtr64 strcmp:0=GxPtr64 strcmp:1=SPtr64 strcmp:0=GxPtr64 strcmp:1=SPtr64 strcmp:0=GxPtr64 strcmp:1=SPtr64 strcmp:0=GxPtr64 strcmp:1=SPtr64 strcmp:0=GxPtr64 strcmp:1=SPtr64 strcmp:0=GxPtr64 strcmp:1=SPtr64 strcmp:0=GxPtr64 strcmp:1=SPtr64 strcmp:0=GxPtr64 strcmp:1=SPtr64 strcmp:0=GxPtr64 strcmp:1=SPtr64 strcmp:0=GxPtr64 strcmp:1=SPtr64 strcmp:0=GxPtr64 strcmp:1=SPtr64 strcmp:0=HPtr64 strcmp:1=SPtr64 strcmp:0=HPtr64 strcmp:1=SPtr64 strcmp:0=HPtr64 strcmp:1=SPtr64 strcmp:0=HPtr64 strcmp:1=SPtr64 strcmp:0=HPtr64 strcmp:1=SPtr64 malloc:0=Num64B8 malloc:0=Num64B8 open:0=SPtr64 open:1=Num64B0 open:2=Top64 free:0=HPtr64 exit:0=Num64B8 free:0=HPtr64 free:0=HPtr64 free:0=HPtr64 free:0=HPtr64 free:0=HPtr64 free:0=HPtr64 free:0=HPtr64 free:0=HPtr64 free:0=HPtr64 free:0=HPtr64 free:0=HPtr64 free:0=HPtr64 free:0=HPtr64 free:0=HPtr64 free:0=HPtr64 free:0=HPtr64 free:0=HPtr64 free:0=HPtr64 free:0=HPtr64 free:0=HPtr64 free:0=HPtr64 free:0=HPtr64 free:0=HPtr64 free:0=HPtr64 free:0=HPtr64 free:0=HPtr64 free:0=HPtr64 free:0=HPtr64 free:0=HPtr64 free:0=HPtr64 exited=1 
/usr/local/bin/jasper:/usr/local/bin/jasper	strrchr:0=SPtr64 strrchr:1=Num64B8 strlen:0=GxPtr64 malloc:0=Num64B8 strcpy:0=HPtr64 strcpy:1=GxPtr64 strlen:0=GxPtr64 malloc:0=Num64B8 strcpy:0=HPtr64 strcpy:1=GxPtr64 strlen:0=GxPtr64 malloc:0=Num64B8 strcpy:0=HPtr64 strcpy:1=GxPtr64 strlen:0=GxPtr64 malloc:0=Num64B8 strcpy:0=HPtr64 strcpy:1=GxPtr64 strlen:0=GxPtr64 malloc:0=Num64B8 strcpy:0=HPtr64 strcpy:1=GxPtr64 strlen:0=GxPtr64 malloc:0=Num64B8 strcpy:0=HPtr64 strcpy:1=GxPtr64 strlen:0=GxPtr64 malloc:0=Num64B8 strcpy:0=HPtr64 strcpy:1=GxPtr64 strlen:0=GxPtr64 malloc:0=Num64B8 strcpy:0=HPtr64 strcpy:1=GxPtr64 strlen:0=GxPtr64 malloc:0=Num64B8 strcpy:0=HPtr64 strcpy:1=GxPtr64 strlen:0=GxPtr64 malloc:0=Num64B8 strcpy:0=HPtr64 strcpy:1=GxPtr64 strlen:0=GxPtr64 malloc:0=Num64B8 strcpy:0=HPtr64 strcpy:1=GxPtr64 strlen:0=GxPtr64 malloc:0=Num64B8 strcpy:0=HPtr64 strcpy:1=GxPtr64 strlen:0=GxPtr64 malloc:0=Num64B8 strcpy:0=HPtr64 strcpy:1=GxPtr64 strlen:0=GxPtr64 malloc:0=Num64B8 strcpy:0=HPtr64 strcpy:1=GxPtr64 strlen:0=GxPtr64 malloc:0=Num64B8 strcpy:0=HPtr64 strcpy:1=GxPtr64 strlen:0=GxPtr64 malloc:0=Num64B8 strcpy:0=HPtr64 strcpy:1=GxPtr64 strlen:0=GxPtr64 malloc:0=Num64B8 strcpy:0=HPtr64 strcpy:1=GxPtr64 strlen:0=GxPtr64 malloc:0=Num64B8 strcpy:0=HPtr64 strcpy:1=GxPtr64 strlen:0=GxPtr64 malloc:0=Num64B8 strcpy:0=HPtr64 strcpy:1=GxPtr64 strlen:0=GxPtr64 malloc:0=Num64B8 strcpy:0=HPtr64 strcpy:1=GxPtr64 strlen:0=GxPtr64 malloc:0=Num64B8 strcpy:0=HPtr64 strcpy:1=GxPtr64 strlen:0=GxPtr64 malloc:0=Num64B8 strcpy:0=HPtr64 strcpy:1=GxPtr64 strlen:0=GxPtr64 malloc:0=Num64B8 strcpy:0=HPtr64 strcpy:1=GxPtr64 strlen:0=GxPtr64 malloc:0=Num64B8 strcpy:0=HPtr64 strcpy:1=GxPtr64 strlen:0=GxPtr64 malloc:0=Num64B8 strcpy:0=HPtr64 strcpy:1=GxPtr64 strlen:0=GxPtr64 malloc:0=Num64B8 strcpy:0=HPtr64 strcpy:1=GxPtr64 strlen:0=GxPtr64 malloc:0=Num64B8 strcpy:0=HPtr64 strcpy:1=GxPtr64 strlen:0=GxPtr64 malloc:0=Num64B8 strcpy:0=HPtr64 strcpy:1=GxPtr64 strlen:0=GxPtr64 malloc:0=Num64B8 strcpy:0=HPtr64 strcpy:1=GxPtr64 strlen:0=GxPtr64 malloc:0=Num64B8 strcpy:0=HPtr64 strcpy:1=GxPtr64 malloc:0=Num64B16 strcmp:0=GxPtr64 strcmp:1=SPtr64 strcmp:0=GxPtr64 strcmp:1=SPtr64 strcmp:0=GxPtr64 strcmp:1=SPtr64 strcmp:0=GxPtr64 strcmp:1=SPtr64 strcmp:0=GxPtr64 strcmp:1=SPtr64 strcmp:0=GxPtr64 strcmp:1=SPtr64 strcmp:0=GxPtr64 strcmp:1=SPtr64 strcmp:0=GxPtr64 strcmp:1=SPtr64 strcmp:0=GxPtr64 strcmp:1=SPtr64 strcmp:0=GxPtr64 strcmp:1=SPtr64 strcmp:0=GxPtr64 strcmp:1=SPtr64 strcmp:0=GxPtr64 strcmp:1=SPtr64 strcmp:0=GxPtr64 strcmp:1=SPtr64 strcmp:0=GxPtr64 strcmp:1=SPtr64 strcmp:0=HPtr64 strcmp:1=SPtr64 strcmp:0=HPtr64 strcmp:1=SPtr64 strcmp:0=HPtr64 strcmp:1=SPtr64 strcmp:0=HPtr64 strcmp:1=SPtr64 strcmp:0=HPtr64 strcmp:1=SPtr64 malloc:0=Num64B8 malloc:0=Num64B8 open:0=SPtr64 open:1=Num64B0 open:2=Top64 free:0=HPtr64 exit:0=Num64B8 free:0=HPtr64 free:0=HPtr64 free:0=HPtr64 free:0=HPtr64 free:0=HPtr64 free:0=HPtr64 free:0=HPtr64 free:0=HPtr64 free:0=HPtr64 free:0=HPtr64 free:0=HPtr64 free:0=HPtr64 free:0=HPtr64 free:0=HPtr64 free:0=HPtr64 free:0=HPtr64 free:0=HPtr64 free:0=HPtr64 free:0=HPtr64 free:0=HPtr64 free:0=HPtr64 free:0=HPtr64 free:0=HPtr64 free:0=HPtr64 free:0=HPtr64 free:0=HPtr64 free:0=HPtr64 free:0=HPtr64 free:0=HPtr64 free:0=HPtr64 exited=1 
/usr/local/bin/jasper:/usr/local/bin/jasper	strrchr:0=SPtr64 strrchr:1=Num64B8 strlen:0=GxPtr64 malloc:0=Num64B8 strcpy:0=HPtr64 strcpy:1=GxPtr64 strlen:0=GxPtr64 malloc:0=Num64B8 strcpy:0=HPtr64 strcpy:1=GxPtr64 strlen:0=GxPtr64 malloc:0=Num64B8 strcpy:0=HPtr64 strcpy:1=GxPtr64 strlen:0=GxPtr64 malloc:0=Num64B8 strcpy:0=HPtr64 strcpy:1=GxPtr64 strlen:0=GxPtr64 malloc:0=Num64B8 strcpy:0=HPtr64 strcpy:1=GxPtr64 strlen:0=GxPtr64 malloc:0=Num64B8 strcpy:0=HPtr64 strcpy:1=GxPtr64 strlen:0=GxPtr64 malloc:0=Num64B8 strcpy:0=HPtr64 strcpy:1=GxPtr64 strlen:0=GxPtr64 malloc:0=Num64B8 strcpy:0=HPtr64 strcpy:1=GxPtr64 strlen:0=GxPtr64 malloc:0=Num64B8 strcpy:0=HPtr64 strcpy:1=GxPtr64 strlen:0=GxPtr64 malloc:0=Num64B8 strcpy:0=HPtr64 strcpy:1=GxPtr64 strlen:0=GxPtr64 malloc:0=Num64B8 strcpy:0=HPtr64 strcpy:1=GxPtr64 strlen:0=GxPtr64 malloc:0=Num64B8 strcpy:0=HPtr64 strcpy:1=GxPtr64 strlen:0=GxPtr64 malloc:0=Num64B8 strcpy:0=HPtr64 strcpy:1=GxPtr64 strlen:0=GxPtr64 malloc:0=Num64B8 strcpy:0=HPtr64 strcpy:1=GxPtr64 strlen:0=GxPtr64 malloc:0=Num64B8 strcpy:0=HPtr64 strcpy:1=GxPtr64 strlen:0=GxPtr64 malloc:0=Num64B8 strcpy:0=HPtr64 strcpy:1=GxPtr64 strlen:0=GxPtr64 malloc:0=Num64B8 strcpy:0=HPtr64 strcpy:1=GxPtr64 strlen:0=GxPtr64 malloc:0=Num64B8 strcpy:0=HPtr64 strcpy:1=GxPtr64 strlen:0=GxPtr64 malloc:0=Num64B8 strcpy:0=HPtr64 strcpy:1=GxPtr64 strlen:0=GxPtr64 malloc:0=Num64B8 strcpy:0=HPtr64 strcpy:1=GxPtr64 strlen:0=GxPtr64 malloc:0=Num64B8 strcpy:0=HPtr64 strcpy:1=GxPtr64 strlen:0=GxPtr64 malloc:0=Num64B8 strcpy:0=HPtr64 strcpy:1=GxPtr64 strlen:0=GxPtr64 malloc:0=Num64B8 strcpy:0=HPtr64 strcpy:1=GxPtr64 strlen:0=GxPtr64 malloc:0=Num64B8 strcpy:0=HPtr64 strcpy:1=GxPtr64 strlen:0=GxPtr64 malloc:0=Num64B8 strcpy:0=HPtr64 strcpy:1=GxPtr64 strlen:0=GxPtr64 malloc:0=Num64B8 strcpy:0=HPtr64 strcpy:1=GxPtr64 strlen:0=GxPtr64 malloc:0=Num64B8 strcpy:0=HPtr64 strcpy:1=GxPtr64 strlen:0=GxPtr64 malloc:0=Num64B8 strcpy:0=HPtr64 strcpy:1=GxPtr64 strlen:0=GxPtr64 malloc:0=Num64B8 strcpy:0=HPtr64 strcpy:1=GxPtr64 strlen:0=GxPtr64 malloc:0=Num64B8 strcpy:0=HPtr64 strcpy:1=GxPtr64 malloc:0=Num64B16 strcmp:0=GxPtr64 strcmp:1=SPtr64 strcmp:0=GxPtr64 strcmp:1=SPtr64 strcmp:0=GxPtr64 strcmp:1=SPtr64 strcmp:0=GxPtr64 strcmp:1=SPtr64 strcmp:0=GxPtr64 strcmp:1=SPtr64 strcmp:0=GxPtr64 strcmp:1=SPtr64 strcmp:0=GxPtr64 strcmp:1=SPtr64 strcmp:0=GxPtr64 strcmp:1=SPtr64 strcmp:0=GxPtr64 strcmp:1=SPtr64 strcmp:0=GxPtr64 strcmp:1=SPtr64 strcmp:0=GxPtr64 strcmp:1=SPtr64 strcmp:0=GxPtr64 strcmp:1=SPtr64 strcmp:0=GxPtr64 strcmp:1=SPtr64 strcmp:0=GxPtr64 strcmp:1=SPtr64 strcmp:0=HPtr64 strcmp:1=SPtr64 strcmp:0=HPtr64 strcmp:1=SPtr64 strcmp:0=HPtr64 strcmp:1=SPtr64 strcmp:0=HPtr64 strcmp:1=SPtr64 strcmp:0=HPtr64 strcmp:1=SPtr64 malloc:0=Num64B8 malloc:0=Num64B8 open:0=SPtr64 open:1=Num64B0 open:2=Top64 free:0=HPtr64 exit:0=Num64B8 free:0=HPtr64 free:0=HPtr64 free:0=HPtr64 free:0=HPtr64 free:0=HPtr64 free:0=HPtr64 free:0=HPtr64 free:0=HPtr64 free:0=HPtr64 free:0=HPtr64 free:0=HPtr64 free:0=HPtr64 free:0=HPtr64 free:0=HPtr64 free:0=HPtr64 free:0=HPtr64 free:0=HPtr64 free:0=HPtr64 free:0=HPtr64 free:0=HPtr64 free:0=HPtr64 free:0=HPtr64 free:0=HPtr64 free:0=HPtr64 free:0=HPtr64 free:0=HPtr64 free:0=HPtr64 free:0=HPtr64 free:0=HPtr64 free:0=HPtr64 exited=1 
