/usr/bin/chicken:/usr/bin/chicken	exited=0 
/usr/bin/chicken:/usr/bin/chicken	exited=0 
/usr/bin/chicken:/usr/bin/chicken	exited=0 
/usr/bin/chicken:/usr/bin/chicken	exited=0 
/usr/bin/chicken:/usr/bin/chicken	exited=0 
/usr/bin/chicken:/usr/bin/chicken	exited=0 
/usr/bin/chicken:/usr/bin/chicken	exited=0 
/usr/bin/chicken:/usr/bin/chicken	exited=0 
/usr/bin/chicken:/usr/bin/chicken	exited=0 
/usr/bin/chicken:/usr/bin/chicken	exited=0 
/usr/bin/chicken:/usr/bin/chicken	exited=0 
/usr/bin/chicken:/usr/bin/chicken	exited=0 
/usr/bin/chicken:/usr/bin/chicken	exited=0 
/usr/bin/chicken:/usr/bin/chicken	exited=0 
/usr/bin/chicken:/usr/bin/chicken	exited=0 
/usr/bin/chicken:/usr/bin/chicken	exited=0 
/usr/bin/chicken:/usr/bin/chicken	exited=0 
/usr/bin/chicken:/usr/bin/chicken	exited=0 
